USE hectre;

SET FOREIGN_KEY_CHECKS = 0;

INSERT INTO `app_versions` VALUES ('291887a5-8428-11e8-9538-00155d0a851b','0.1','Active','2018-07-10 20:46:32','services/assets/sqlightscript.txt',NULL);

INSERT INTO `cqr_question_responses` VALUES ('2065fef2-ab5f-11e8-b3c7-00155d0a851b','Normal','Normal','Normal',1,NULL,NULL,'79edc223-843a-11e8-9538-00155d0a851b',NULL,'41',NULL),('20665f6b-ab5f-11e8-b3c7-00155d0a851b','Abnormal','Abnormal','Abnormal',2,NULL,NULL,'79edc223-843a-11e8-9538-00155d0a851b',NULL,'41',NULL),('2139f270-8b56-11e8-b999-00155d0a851b','A-','A-','A-',1,NULL,NULL,'79edc223-843a-11e8-9538-00155d0a851b',NULL,'34',NULL),('29c00ce4-8b56-11e8-b999-00155d0a851b','A+','A+','A+',2,NULL,NULL,'79edc223-843a-11e8-9538-00155d0a851b',NULL,'34',NULL),('2e37b2da-8b56-11e8-b999-00155d0a851b','B-','B-','B-',3,NULL,NULL,'79edc223-843a-11e8-9538-00155d0a851b',NULL,'34',NULL),('32ec2c8f-8b56-11e8-b999-00155d0a851b','B+','B+','B+',4,NULL,NULL,'79edc223-843a-11e8-9538-00155d0a851b',NULL,'34',NULL),('379bc082-8b56-11e8-b999-00155d0a851b','O-','O-','O-',5,NULL,NULL,'79edc223-843a-11e8-9538-00155d0a851b',NULL,'34',NULL),('3b703de8-8b56-11e8-b999-00155d0a851b','O+','O+','O+',6,NULL,NULL,'79edc223-843a-11e8-9538-00155d0a851b',NULL,'34',NULL),('3f26f0d2-8b56-11e8-b999-00155d0a851b','AB-','AB-','AB-',7,NULL,NULL,'79edc223-843a-11e8-9538-00155d0a851b',NULL,'34',NULL),('43015954-8b56-11e8-b999-00155d0a851b','AB+','AB+','AB+',8,NULL,NULL,'79edc223-843a-11e8-9538-00155d0a851b',NULL,'34',NULL),('91eeddb1-a793-11e8-8b48-00155d0a851b','None','None','None',1,NULL,NULL,NULL,NULL,'36',NULL),('91ef34dd-a793-11e8-8b48-00155d0a851b','IFN only','IFN only','IFN only',2,NULL,NULL,NULL,NULL,'36',NULL),('91ef6fd4-a793-11e8-8b48-00155d0a851b','IFN + RBV','IFN + RBV','IFN + RBV',3,NULL,NULL,NULL,NULL,'36',NULL),('91efa85f-a793-11e8-8b48-00155d0a851b','IFN + RBV + DAA','IFN + RBV + DAA','IFN + RBV + DAA',4,NULL,NULL,NULL,NULL,'36',NULL),('91efe1ec-a793-11e8-8b48-00155d0a851b','Study medication','Study medication','Study medication',5,NULL,NULL,NULL,NULL,'36',NULL),('91f01c21-a793-11e8-8b48-00155d0a851b','Oral DAA','Oral DAA','Oral DAA',6,NULL,NULL,NULL,NULL,'36',NULL),('91f056cb-a793-11e8-8b48-00155d0a851b','Unknown','Unknown','Unknown',7,NULL,NULL,NULL,NULL,'36',NULL),('91f0929d-a793-11e8-8b48-00155d0a851b','Other','Other','Other',8,NULL,NULL,NULL,NULL,'36',NULL),('98044591-a9d1-11e8-8b48-00155d0a851b','SOF+RBV','SOF+RBV','SOF+RBV',1,NULL,NULL,NULL,NULL,'37',NULL),('980a7377-a9d1-11e8-8b48-00155d0a851b','SOF+DAC','SOF+DAC','SOF+DAC',2,NULL,NULL,NULL,NULL,'37',NULL),('980ad16c-a9d1-11e8-8b48-00155d0a851b','Epclusa','Epclusa','Epclusa',3,NULL,NULL,NULL,NULL,'37',NULL),('980b4e9d-a9d1-11e8-8b48-00155d0a851b','Zepatier','Zepatier','Zepatier',4,NULL,NULL,NULL,NULL,'37',NULL),('980bc86b-a9d1-11e8-8b48-00155d0a851b','Harvoni','Harvoni','Harvoni',5,NULL,NULL,NULL,NULL,'37',NULL),('980c42cf-a9d1-11e8-8b48-00155d0a851b','Mavyret','Mavyret','Mavyret',6,NULL,NULL,NULL,NULL,'37',NULL),('980cbbb7-a9d1-11e8-8b48-00155d0a851b','Vosevi','Vosevi','Vosevi',7,NULL,NULL,NULL,NULL,'37',NULL),('980d36eb-a9d1-11e8-8b48-00155d0a851b','Viekira Pak','Viekira Pak','Viekira Pak',8,NULL,NULL,NULL,NULL,'37',NULL),('980daa87-a9d1-11e8-8b48-00155d0a851b','Unknown','Unknown','Unknown',9,NULL,NULL,NULL,NULL,'37',NULL),('980e20dd-a9d1-11e8-8b48-00155d0a851b','Other','Other','Other',10,NULL,NULL,NULL,NULL,'37',NULL),('a9368362-ab5c-11e8-b3c7-00155d0a851b','Yes','Yes','Yes',1,NULL,NULL,'79edc223-843a-11e8-9538-00155d0a851b',NULL,'40',NULL),('a938b761-ab5c-11e8-b3c7-00155d0a851b','No','No','No',2,NULL,NULL,'79edc223-843a-11e8-9538-00155d0a851b',NULL,'40',NULL),('b7312a55-a792-11e8-8b48-00155d0a851b','Responder (SVR)','Responder (SVR)','Responder (SVR)',1,NULL,NULL,'79edc223-843a-11e8-9538-00155d0a851b',NULL,'34',NULL),('b73182cc-a792-11e8-8b48-00155d0a851b','Relapse','Relapse','Relapse',2,NULL,NULL,NULL,NULL,'34',NULL),('b731db1c-a792-11e8-8b48-00155d0a851b','Did not complete treatment','Did not complete treatment','Did not complete treatment',3,NULL,NULL,NULL,NULL,'34',NULL),('f0cd2e77-a792-11e8-8b48-00155d0a851b','Grade I','Grade I','Grade I',1,NULL,NULL,NULL,NULL,'35',NULL),('f0cf0b93-a792-11e8-8b48-00155d0a851b','Grade II','Grade II','Grade II',2,NULL,NULL,NULL,NULL,'35',NULL),('f0cf7fc9-a792-11e8-8b48-00155d0a851b','Grade III','Grade III','Grade III',3,NULL,NULL,NULL,NULL,'35',NULL),('f0cfbade-a792-11e8-8b48-00155d0a851b','Grade IV','Grade IV','Grade IV',4,NULL,NULL,NULL,NULL,'35',NULL),('f84933e5-8428-11e8-9538-00155d0a851b','Test at screening','Test at screening','Test at screening',2,NULL,NULL,'79edc223-843a-11e8-9538-00155d0a851b','2018-05-21 00:00:00','1',NULL),('f84934c8-8428-11e8-9538-00155d0a851b','Prior test','Prior test','Prior test',1,NULL,NULL,'79edc223-843a-11e8-9538-00155d0a851b','2018-05-21 00:00:00','1',NULL),('f849353d-8428-11e8-9538-00155d0a851b','Positive','Positive','Positive',1,NULL,NULL,'79edc223-843a-11e8-9538-00155d0a851b','2018-05-21 00:00:00','2',NULL),('f84935aa-8428-11e8-9538-00155d0a851b','Negative','Negative','Negative',2,NULL,NULL,'79edc223-843a-11e8-9538-00155d0a851b','2018-05-21 00:00:00','2',NULL),('f8493613-8428-11e8-9538-00155d0a851b','Yes','Yes','Yes',1,NULL,NULL,'79edc223-843a-11e8-9538-00155d0a851b','2018-05-21 00:00:00','3',NULL),('f849367d-8428-11e8-9538-00155d0a851b','No','No','No',2,NULL,NULL,'79edc223-843a-11e8-9538-00155d0a851b','2018-05-21 00:00:00','3',NULL),('f84936e8-8428-11e8-9538-00155d0a851b','1a','1a','Genotype 1a',1,NULL,NULL,'79edc223-843a-11e8-9538-00155d0a851b','2018-05-21 00:00:00','4',NULL),('f8493832-8428-11e8-9538-00155d0a851b','1b','1b','Genotype 1b',2,NULL,NULL,'79edc223-843a-11e8-9538-00155d0a851b','2018-05-21 00:00:00','4',NULL),('f84938aa-8428-11e8-9538-00155d0a851b','2','2','Genetype 2',3,NULL,NULL,'79edc223-843a-11e8-9538-00155d0a851b','2018-05-21 00:00:00','4',NULL),('f8493917-8428-11e8-9538-00155d0a851b','3','3','Genetype 3',4,NULL,NULL,'79edc223-843a-11e8-9538-00155d0a851b','2018-05-21 00:00:00','4',NULL),('f8493983-8428-11e8-9538-00155d0a851b','4','4','Genetype 4',5,NULL,NULL,'79edc223-843a-11e8-9538-00155d0a851b','2018-05-21 00:00:00','4',NULL),('f84939ef-8428-11e8-9538-00155d0a851b','5','5','Genetype 5',6,NULL,NULL,'79edc223-843a-11e8-9538-00155d0a851b','2018-05-21 00:00:00','4',NULL),('f8493a59-8428-11e8-9538-00155d0a851b','6','6','Genetype 6',7,NULL,NULL,'79edc223-843a-11e8-9538-00155d0a851b','2018-05-21 00:00:00','4',NULL),('f8493ac4-8428-11e8-9538-00155d0a851b','Immune','Immune','Immune',1,NULL,NULL,'79edc223-843a-11e8-9538-00155d0a851b','2018-05-21 00:00:00','5',NULL),('f8493b30-8428-11e8-9538-00155d0a851b','Non-immune','Non-immune','Non-immune',2,NULL,NULL,'79edc223-843a-11e8-9538-00155d0a851b','2018-05-21 00:00:00','5',NULL),('f8493b9e-8428-11e8-9538-00155d0a851b','Vaccinated','Vaccinated','Vaccinated',3,NULL,NULL,'79edc223-843a-11e8-9538-00155d0a851b','2018-05-21 00:00:00','5',NULL),('f8493c15-8428-11e8-9538-00155d0a851b','Unknown','Unknown','Unknown',4,NULL,NULL,'79edc223-843a-11e8-9538-00155d0a851b','2018-05-21 00:00:00','5',NULL),('f8493c82-8428-11e8-9538-00155d0a851b','Immune','Immune','Immune',1,NULL,NULL,'79edc223-843a-11e8-9538-00155d0a851b','2018-05-21 00:00:00','6',NULL),('f8493ced-8428-11e8-9538-00155d0a851b','Non-immune','Non-immune','Non-immune',2,NULL,NULL,'79edc223-843a-11e8-9538-00155d0a851b','2018-05-21 00:00:00','6',NULL),('f8493d59-8428-11e8-9538-00155d0a851b','Co-Infection','Co-Infection','Co-Infection',3,NULL,NULL,'79edc223-843a-11e8-9538-00155d0a851b','2018-05-21 00:00:00','6',NULL),('f8493dc2-8428-11e8-9538-00155d0a851b','On HBV Meds','On HBV Meds','On HBV Meds',4,NULL,NULL,'79edc223-843a-11e8-9538-00155d0a851b','2018-05-21 00:00:00','6',NULL),('f8493e2d-8428-11e8-9538-00155d0a851b','Unknown','Unknown','Unknown',5,NULL,NULL,'79edc223-843a-11e8-9538-00155d0a851b','2018-05-21 00:00:00','6',NULL),('f8493e99-8428-11e8-9538-00155d0a851b','No response to vaccine','No response to vaccine','No response to vaccine',6,NULL,NULL,'79edc223-843a-11e8-9538-00155d0a851b','2018-05-21 00:00:00','6',NULL),('f8493f08-8428-11e8-9538-00155d0a851b','Positive','Positive','Positive',1,NULL,NULL,'79edc223-843a-11e8-9538-00155d0a851b',NULL,'7',NULL),('f8493f73-8428-11e8-9538-00155d0a851b','Positive on ARV','Positive on ARV','Positive on ARV',2,NULL,NULL,'79edc223-843a-11e8-9538-00155d0a851b',NULL,'7',NULL),('f8493fde-8428-11e8-9538-00155d0a851b','Negative','Negative','Negative',3,NULL,NULL,'79edc223-843a-11e8-9538-00155d0a851b',NULL,'7',NULL),('f849404a-8428-11e8-9538-00155d0a851b','Unknown','Unknown','Unknown',4,NULL,NULL,'79edc223-843a-11e8-9538-00155d0a851b',NULL,'7',NULL),('f84940b6-8428-11e8-9538-00155d0a851b','None','None','None',1,NULL,NULL,'79edc223-843a-11e8-9538-00155d0a851b',NULL,'8',NULL),('f8494120-8428-11e8-9538-00155d0a851b','Liver biopsy','Liver biopsy','Liver biopsy',2,NULL,NULL,'79edc223-843a-11e8-9538-00155d0a851b',NULL,'8',NULL),('f849418b-8428-11e8-9538-00155d0a851b','Liver US','Liver US','Liver US',3,NULL,NULL,'79edc223-843a-11e8-9538-00155d0a851b',NULL,'8',NULL),('f84941f7-8428-11e8-9538-00155d0a851b','CT Abdomen','CT Abdomen','CT Abdomen',4,NULL,NULL,'79edc223-843a-11e8-9538-00155d0a851b',NULL,'8',NULL),('f8494264-8428-11e8-9538-00155d0a851b','MRI Abdomen','MRI Abdomen','MRI Abdomen',5,NULL,NULL,'79edc223-843a-11e8-9538-00155d0a851b',NULL,'8',NULL),('f84942ce-8428-11e8-9538-00155d0a851b','Fibrosure','Fibrosure','Fibrosure',6,NULL,NULL,'79edc223-843a-11e8-9538-00155d0a851b',NULL,'8',NULL),('f849433c-8428-11e8-9538-00155d0a851b','Fibroscan','Fibroscan','Fibroscan',7,NULL,NULL,'79edc223-843a-11e8-9538-00155d0a851b',NULL,'8',NULL),('f84943ab-8428-11e8-9538-00155d0a851b','Endoscopy','Endoscopy','Endoscopy',8,NULL,NULL,'79edc223-843a-11e8-9538-00155d0a851b',NULL,'8',NULL),('f849441a-8428-11e8-9538-00155d0a851b','Colonoscopy','Colonoscopy','Colonoscopy',9,NULL,NULL,'79edc223-843a-11e8-9538-00155d0a851b',NULL,'8',NULL),('f8494486-8428-11e8-9538-00155d0a851b','Other','Other','Other',10,NULL,NULL,'79edc223-843a-11e8-9538-00155d0a851b',NULL,'8',NULL),('f84944f4-8428-11e8-9538-00155d0a851b','G1','G1','G1',1,NULL,NULL,'79edc223-843a-11e8-9538-00155d0a851b',NULL,'9',NULL),('f8494563-8428-11e8-9538-00155d0a851b','G2','G2','G2',2,NULL,NULL,'79edc223-843a-11e8-9538-00155d0a851b',NULL,'9',NULL),('f84945d2-8428-11e8-9538-00155d0a851b','G3','G3','G3',3,NULL,NULL,'79edc223-843a-11e8-9538-00155d0a851b',NULL,'9',NULL),('f849464c-8428-11e8-9538-00155d0a851b','G4','G4','G4',4,NULL,NULL,'79edc223-843a-11e8-9538-00155d0a851b',NULL,'9',NULL),('f84946bd-8428-11e8-9538-00155d0a851b','S1','S1','S1',1,NULL,NULL,'79edc223-843a-11e8-9538-00155d0a851b',NULL,'10',NULL),('f849472b-8428-11e8-9538-00155d0a851b','S2','S2','S2',2,NULL,NULL,'79edc223-843a-11e8-9538-00155d0a851b',NULL,'10',NULL),('f849479a-8428-11e8-9538-00155d0a851b','S3','S3','S3',3,NULL,NULL,'79edc223-843a-11e8-9538-00155d0a851b',NULL,'10',NULL),('f8494806-8428-11e8-9538-00155d0a851b','S4','S4','S4',4,NULL,NULL,'79edc223-843a-11e8-9538-00155d0a851b',NULL,'10',NULL),('f8494872-8428-11e8-9538-00155d0a851b','F1','F1','F1',1,NULL,NULL,'79edc223-843a-11e8-9538-00155d0a851b',NULL,'11',NULL),('f84948e0-8428-11e8-9538-00155d0a851b','F2','F2','F2',2,NULL,NULL,'79edc223-843a-11e8-9538-00155d0a851b',NULL,'11',NULL),('f849494f-8428-11e8-9538-00155d0a851b','F3','F3','F3',3,NULL,NULL,'79edc223-843a-11e8-9538-00155d0a851b',NULL,'11',NULL),('f84949bb-8428-11e8-9538-00155d0a851b','F4','F4','F4',4,NULL,NULL,'79edc223-843a-11e8-9538-00155d0a851b',NULL,'11',NULL),('f8494a28-8428-11e8-9538-00155d0a851b','F0','F0','F0',1,NULL,NULL,'79edc223-843a-11e8-9538-00155d0a851b',NULL,'12',NULL),('f8494a95-8428-11e8-9538-00155d0a851b','F0-1','F0-1','F0-1',2,NULL,NULL,'79edc223-843a-11e8-9538-00155d0a851b',NULL,'12',NULL),('f8494b03-8428-11e8-9538-00155d0a851b','F1-2','F1-2','F1-2',3,NULL,NULL,'79edc223-843a-11e8-9538-00155d0a851b',NULL,'12',NULL),('f8494b73-8428-11e8-9538-00155d0a851b','F2','F2','F2',4,NULL,NULL,'79edc223-843a-11e8-9538-00155d0a851b',NULL,'12',NULL),('f8494be3-8428-11e8-9538-00155d0a851b','F2-3','F2-3','F2-3',5,NULL,NULL,'79edc223-843a-11e8-9538-00155d0a851b',NULL,'12',NULL),('f8494c52-8428-11e8-9538-00155d0a851b','F3','F3','F3',6,NULL,NULL,'79edc223-843a-11e8-9538-00155d0a851b',NULL,'12',NULL),('f8494cc1-8428-11e8-9538-00155d0a851b','F3-4','F3-4','F3-4',7,NULL,NULL,'79edc223-843a-11e8-9538-00155d0a851b',NULL,'12',NULL),('f8494d2d-8428-11e8-9538-00155d0a851b','F4','F4','F4',8,NULL,NULL,'79edc223-843a-11e8-9538-00155d0a851b',NULL,'12',NULL),('f8494d9c-8428-11e8-9538-00155d0a851b','No varices','No varices','No varices',1,NULL,NULL,'79edc223-843a-11e8-9538-00155d0a851b',NULL,'13',NULL),('f8494e0a-8428-11e8-9538-00155d0a851b','Varices','Varices','Varices',2,NULL,NULL,'79edc223-843a-11e8-9538-00155d0a851b',NULL,'13',NULL),('f8494e79-8428-11e8-9538-00155d0a851b','Normal','Normal','Normal',1,NULL,NULL,'79edc223-843a-11e8-9538-00155d0a851b',NULL,'14',NULL),('f8494ee6-8428-11e8-9538-00155d0a851b','Abnormal','Abnormal','Abnormal',2,NULL,NULL,'79edc223-843a-11e8-9538-00155d0a851b',NULL,'14',NULL),('f8494f55-8428-11e8-9538-00155d0a851b','None','None','None',1,NULL,NULL,'79edc223-843a-11e8-9538-00155d0a851b',NULL,'15',NULL),('f8494fc4-8428-11e8-9538-00155d0a851b','IFN only','IFN only','IFN only',2,NULL,NULL,'79edc223-843a-11e8-9538-00155d0a851b',NULL,'15',NULL),('f8495033-8428-11e8-9538-00155d0a851b','IFN + RBV','IFN + RBV','IFN + RBV',3,NULL,NULL,'79edc223-843a-11e8-9538-00155d0a851b',NULL,'15',NULL),('f849509f-8428-11e8-9538-00155d0a851b','IFN + RBV + DAA','IFN + RBV + DAA','IFN + RBV + DAA',4,NULL,NULL,'79edc223-843a-11e8-9538-00155d0a851b',NULL,'15',NULL),('f849510e-8428-11e8-9538-00155d0a851b','Study medication','Study medication','Study medication',5,NULL,NULL,'79edc223-843a-11e8-9538-00155d0a851b',NULL,'15',NULL),('f849517c-8428-11e8-9538-00155d0a851b','Oral DAA','Oral DAA','Oral DAA',6,NULL,NULL,'79edc223-843a-11e8-9538-00155d0a851b',NULL,'15',NULL),('f84951ec-8428-11e8-9538-00155d0a851b','Unknown','Unknown','Unknown',7,NULL,NULL,'79edc223-843a-11e8-9538-00155d0a851b',NULL,'15',NULL),('f849525b-8428-11e8-9538-00155d0a851b','Other','Other','Other',8,NULL,NULL,'79edc223-843a-11e8-9538-00155d0a851b',NULL,'15',NULL),('f84952c8-8428-11e8-9538-00155d0a851b','Responder (SVR)','Responder (SVR)','Responder (SVR)',1,NULL,NULL,'79edc223-843a-11e8-9538-00155d0a851b',NULL,'16',NULL),('f8495337-8428-11e8-9538-00155d0a851b','Relapse','Relapse','Relapse',2,NULL,NULL,'79edc223-843a-11e8-9538-00155d0a851b',NULL,'16',NULL),('f84953a6-8428-11e8-9538-00155d0a851b','Did not complete treatment','Did not complete treatment','Did not complete treatment',3,NULL,NULL,'79edc223-843a-11e8-9538-00155d0a851b',NULL,'16',NULL),('f8495411-8428-11e8-9538-00155d0a851b','No cirrhosis','No cirrhosis','No cirrhosis',1,NULL,NULL,'79edc223-843a-11e8-9538-00155d0a851b',NULL,'17',NULL),('f849547e-8428-11e8-9538-00155d0a851b','Cirrhosis compensated','Cirrhosis compensated','Cirrhosis compensated',2,NULL,NULL,'79edc223-843a-11e8-9538-00155d0a851b',NULL,'17',NULL),('f84954eb-8428-11e8-9538-00155d0a851b','Cirrhosis decompensated','Cirrhosis decompensated','Cirrhosis decompensated',3,NULL,NULL,'79edc223-843a-11e8-9538-00155d0a851b',NULL,'17',NULL),('f849555a-8428-11e8-9538-00155d0a851b','Hepatocellular Carcinoma','Hepatocellular Carcinoma','Hepatocellular Carcinoma',4,NULL,NULL,'79edc223-843a-11e8-9538-00155d0a851b',NULL,'17',NULL),('f84955c5-8428-11e8-9538-00155d0a851b','Child-Pugh Class A','Child-Pugh Class A','Child-Pugh Class A',5,NULL,NULL,'79edc223-843a-11e8-9538-00155d0a851b',NULL,'17',NULL),('f8495632-8428-11e8-9538-00155d0a851b','Child-Pugh Class B','Child-Pugh Class B','Child-Pugh Class B',6,NULL,NULL,'79edc223-843a-11e8-9538-00155d0a851b',NULL,'17',NULL),('f84956a0-8428-11e8-9538-00155d0a851b','Child-Pugh Class C','Child-Pugh Class C','Child-Pugh Class C',7,NULL,NULL,'79edc223-843a-11e8-9538-00155d0a851b',NULL,'17',NULL),('f849570e-8428-11e8-9538-00155d0a851b','MELD score','MELD score','MELD score',8,NULL,NULL,'79edc223-843a-11e8-9538-00155d0a851b',NULL,'17',NULL),('f849577b-8428-11e8-9538-00155d0a851b','APRI score','APRI score','APRI score',9,NULL,NULL,'79edc223-843a-11e8-9538-00155d0a851b',NULL,'17',NULL),('f84957e8-8428-11e8-9538-00155d0a851b','FIB-4 score','FIB-4 score','FIB-4 score',10,NULL,NULL,'79edc223-843a-11e8-9538-00155d0a851b',NULL,'17',NULL),('f8495856-8428-11e8-9538-00155d0a851b','Liver transplant','Liver transplant','Liver transplant',11,NULL,NULL,'79edc223-843a-11e8-9538-00155d0a851b',NULL,'17',NULL),('f84958c4-8428-11e8-9538-00155d0a851b','Other','Other','Other',12,NULL,NULL,'79edc223-843a-11e8-9538-00155d0a851b',NULL,'17',NULL),('f8495930-8428-11e8-9538-00155d0a851b','Hep A','Hep A','Hep A',1,NULL,NULL,'79edc223-843a-11e8-9538-00155d0a851b',NULL,'18',NULL),('f849599d-8428-11e8-9538-00155d0a851b','Hep B','Hep B','Hep B',2,NULL,NULL,'79edc223-843a-11e8-9538-00155d0a851b',NULL,'18',NULL),('f8495a0a-8428-11e8-9538-00155d0a851b','Hep A + B','Hep A + B','Hep A + B',3,NULL,NULL,'79edc223-843a-11e8-9538-00155d0a851b',NULL,'18',NULL),('f8495a78-8428-11e8-9538-00155d0a851b','Male','Male','Male',1,NULL,NULL,'79edc223-843a-11e8-9538-00155d0a851b',NULL,'19',NULL),('f8495b67-8428-11e8-9538-00155d0a851b','Female','Female','Female',2,NULL,NULL,'79edc223-843a-11e8-9538-00155d0a851b',NULL,'19',NULL),('f8495bea-8428-11e8-9538-00155d0a851b','White','White','White',1,NULL,NULL,'79edc223-843a-11e8-9538-00155d0a851b',NULL,'20',NULL),('f8495c5a-8428-11e8-9538-00155d0a851b','Native Hawaiian or Other Pacific Islander','Native Hawaiian or Other Pacific Islander','Native Hawaiian or Other Pacific Islander',2,NULL,NULL,'79edc223-843a-11e8-9538-00155d0a851b',NULL,'20',NULL),('f8495cca-8428-11e8-9538-00155d0a851b','Black or African American','Black or African American','Black or African American',3,NULL,NULL,'79edc223-843a-11e8-9538-00155d0a851b',NULL,'20',NULL),('f8495d37-8428-11e8-9538-00155d0a851b','Asian','Asian','Asian',4,NULL,NULL,'79edc223-843a-11e8-9538-00155d0a851b',NULL,'20',NULL),('f8495da6-8428-11e8-9538-00155d0a851b','American Indian or Alaska Native','American Indian or Alaska Native','American Indian or Alaska Native',5,NULL,NULL,'79edc223-843a-11e8-9538-00155d0a851b',NULL,'20',NULL),('f8495e15-8428-11e8-9538-00155d0a851b','Hispanic','Hispanic','Hispanic',1,NULL,NULL,'79edc223-843a-11e8-9538-00155d0a851b',NULL,'21',NULL),('f8495f2b-8428-11e8-9538-00155d0a851b','Not Hispanic','Not Hispanic','Not Hispanic',2,NULL,NULL,'79edc223-843a-11e8-9538-00155d0a851b',NULL,'21',NULL),('f8495f9f-8428-11e8-9538-00155d0a851b','Own','Own','Own',1,NULL,NULL,'79edc223-843a-11e8-9538-00155d0a851b',NULL,'22',NULL),('f8496014-8428-11e8-9538-00155d0a851b','Rent','Rent','Rent',2,NULL,NULL,'79edc223-843a-11e8-9538-00155d0a851b',NULL,'22',NULL),('f8496083-8428-11e8-9538-00155d0a851b','Homeless','Homeless','Homeless',3,NULL,NULL,'79edc223-843a-11e8-9538-00155d0a851b',NULL,'22',NULL),('f84960f3-8428-11e8-9538-00155d0a851b','Other','Other','Other',4,NULL,NULL,'79edc223-843a-11e8-9538-00155d0a851b',NULL,'22',NULL),('f8496160-8428-11e8-9538-00155d0a851b','Steady income','Steady income','Steady income',1,NULL,NULL,'79edc223-843a-11e8-9538-00155d0a851b',NULL,'23',NULL),('f84961cf-8428-11e8-9538-00155d0a851b','Daily wage','Daily wage','Daily wage',2,NULL,NULL,'79edc223-843a-11e8-9538-00155d0a851b',NULL,'23',NULL),('f849623e-8428-11e8-9538-00155d0a851b','Unemployed','Unemployed','Unemployed',3,NULL,NULL,'79edc223-843a-11e8-9538-00155d0a851b',NULL,'23',NULL),('f84962ae-8428-11e8-9538-00155d0a851b','Other','Other','Other',4,NULL,NULL,'79edc223-843a-11e8-9538-00155d0a851b',NULL,'23',NULL),('f849631b-8428-11e8-9538-00155d0a851b','Owner of the house','Owner of the house','Owner of the house',1,NULL,NULL,'79edc223-843a-11e8-9538-00155d0a851b',NULL,'24',NULL),('f8496389-8428-11e8-9538-00155d0a851b','Renter','Renter','Renter',2,NULL,NULL,'79edc223-843a-11e8-9538-00155d0a851b',NULL,'24',NULL),('f84963f7-8428-11e8-9538-00155d0a851b','Provided by employer','Provided by employer','Provided by employer',3,NULL,NULL,'79edc223-843a-11e8-9538-00155d0a851b',NULL,'24',NULL),('f8496465-8428-11e8-9538-00155d0a851b','User not paying rent','User not paying rent','User not paying rent',4,NULL,NULL,'79edc223-843a-11e8-9538-00155d0a851b',NULL,'24',NULL),('f84964dc-8428-11e8-9538-00155d0a851b','Do not know','Do not know','Do not know',5,NULL,NULL,'79edc223-843a-11e8-9538-00155d0a851b',NULL,'24',NULL),('f849654a-8428-11e8-9538-00155d0a851b','Other','Other','Other',6,NULL,NULL,'79edc223-843a-11e8-9538-00155d0a851b',NULL,'24',NULL),('f84965b9-8428-11e8-9538-00155d0a851b','Present','Present','Present',1,NULL,NULL,'79edc223-843a-11e8-9538-00155d0a851b',NULL,'25',NULL),('f8496628-8428-11e8-9538-00155d0a851b','Former','Former','Former',2,NULL,NULL,'79edc223-843a-11e8-9538-00155d0a851b',NULL,'25',NULL),('f8496699-8428-11e8-9538-00155d0a851b','Never','Never','Never',3,NULL,NULL,'79edc223-843a-11e8-9538-00155d0a851b',NULL,'25',NULL),('f8496707-8428-11e8-9538-00155d0a851b','Present','Present','Present',1,NULL,NULL,'79edc223-843a-11e8-9538-00155d0a851b',NULL,'26',NULL),('f8496775-8428-11e8-9538-00155d0a851b','Former','Former','Former',2,NULL,NULL,'79edc223-843a-11e8-9538-00155d0a851b',NULL,'26',NULL),('f84967e2-8428-11e8-9538-00155d0a851b','Never','Never','Never',3,NULL,NULL,'79edc223-843a-11e8-9538-00155d0a851b',NULL,'26',NULL),('f849684d-8428-11e8-9538-00155d0a851b','Present','Present','Present',1,NULL,NULL,'79edc223-843a-11e8-9538-00155d0a851b',NULL,'27',NULL),('f84968b9-8428-11e8-9538-00155d0a851b','Former','Former','Former',2,NULL,NULL,'79edc223-843a-11e8-9538-00155d0a851b',NULL,'27',NULL),('f8496926-8428-11e8-9538-00155d0a851b','Never','Never','Never',3,NULL,NULL,'79edc223-843a-11e8-9538-00155d0a851b',NULL,'27',NULL),('f8496994-8428-11e8-9538-00155d0a851b','Present','Present','Present',1,NULL,NULL,'79edc223-843a-11e8-9538-00155d0a851b',NULL,'28',NULL),('f8496a00-8428-11e8-9538-00155d0a851b','Former','Former','Former',2,NULL,NULL,'79edc223-843a-11e8-9538-00155d0a851b',NULL,'28',NULL),('f8496a6e-8428-11e8-9538-00155d0a851b','Never','Never','Never',3,NULL,NULL,'79edc223-843a-11e8-9538-00155d0a851b',NULL,'28',NULL),('f8496adb-8428-11e8-9538-00155d0a851b','Present','Present','Present',1,NULL,NULL,'79edc223-843a-11e8-9538-00155d0a851b',NULL,'29',NULL),('f8496b47-8428-11e8-9538-00155d0a851b','Former','Former','Former',2,NULL,NULL,'79edc223-843a-11e8-9538-00155d0a851b',NULL,'29',NULL),('f8496bb3-8428-11e8-9538-00155d0a851b','Never','Never','Never',3,NULL,NULL,'79edc223-843a-11e8-9538-00155d0a851b',NULL,'29',NULL),('f8496c1e-8428-11e8-9538-00155d0a851b','Own','Own','Own',1,NULL,NULL,'79edc223-843a-11e8-9538-00155d0a851b',NULL,'30',NULL),('f8496c8b-8428-11e8-9538-00155d0a851b','Rent','Rent','Rent',2,NULL,NULL,'79edc223-843a-11e8-9538-00155d0a851b',NULL,'30',NULL),('f8496d00-8428-11e8-9538-00155d0a851b','Homeless','Homeless','Homeless',3,NULL,NULL,'79edc223-843a-11e8-9538-00155d0a851b',NULL,'30',NULL),('f8496d6c-8428-11e8-9538-00155d0a851b','Other','Other','Other',4,NULL,NULL,'79edc223-843a-11e8-9538-00155d0a851b',NULL,'30',NULL),('f8496dd8-8428-11e8-9538-00155d0a851b','Steady income','Steady income','Steady income',1,NULL,NULL,'79edc223-843a-11e8-9538-00155d0a851b',NULL,'31',NULL),('f8496e45-8428-11e8-9538-00155d0a851b','Daily wage','Daily wage','Daily wage',2,NULL,NULL,'79edc223-843a-11e8-9538-00155d0a851b',NULL,'31',NULL),('f8496fd4-8428-11e8-9538-00155d0a851b','Unemployed','Unemployed','Unemployed',3,NULL,NULL,'79edc223-843a-11e8-9538-00155d0a851b',NULL,'31',NULL),('f849705f-8428-11e8-9538-00155d0a851b','Other','Other','Other',4,NULL,NULL,'79edc223-843a-11e8-9538-00155d0a851b',NULL,'31',NULL),('f84970cf-8428-11e8-9538-00155d0a851b','Married','Married','Married',1,NULL,NULL,'79edc223-843a-11e8-9538-00155d0a851b',NULL,'32',NULL),('f849714a-8428-11e8-9538-00155d0a851b','Widowed','Widowed','Widowed',2,NULL,NULL,'79edc223-843a-11e8-9538-00155d0a851b',NULL,'32',NULL),('f84971b1-8428-11e8-9538-00155d0a851b','Separated','Separated','Separated',3,NULL,NULL,'79edc223-843a-11e8-9538-00155d0a851b',NULL,'32',NULL),('f8497211-8428-11e8-9538-00155d0a851b','Divorced','Divorced','Divorced',4,NULL,NULL,'79edc223-843a-11e8-9538-00155d0a851b',NULL,'32',NULL),('f8497270-8428-11e8-9538-00155d0a851b','Single','Single','Single',5,NULL,NULL,'79edc223-843a-11e8-9538-00155d0a851b',NULL,'32',NULL),('f84972cf-8428-11e8-9538-00155d0a851b','Associate Degrees','Associate Degrees','Associate Degrees',1,NULL,NULL,'79edc223-843a-11e8-9538-00155d0a851b',NULL,'33',NULL),('f849732f-8428-11e8-9538-00155d0a851b','Bachelor’s Degrees','Bachelor’s Degrees','Bachelor’s Degrees',2,NULL,NULL,'79edc223-843a-11e8-9538-00155d0a851b',NULL,'33',NULL),('f849738d-8428-11e8-9538-00155d0a851b','Master’s Degrees','Master’s Degrees','Master’s Degrees',3,NULL,NULL,'79edc223-843a-11e8-9538-00155d0a851b',NULL,'33',NULL),('f84973ec-8428-11e8-9538-00155d0a851b','Doctoral Degrees','Doctoral Degrees','Doctoral Degrees',4,NULL,NULL,'79edc223-843a-11e8-9538-00155d0a851b',NULL,'33',NULL);

INSERT INTO `crf_library` VALUES ('2342e052-8b54-11e8-b999-00155d0a851b','PHY_EX','Physical Exam','Physical Exam','2018-05-21','1.0',NULL,NULL,NULL,'Complete','79edc223-843a-11e8-9538-00155d0a851b','2018-07-11 18:05:09','654ec9a2-8434-11e8-9538-00155d0a851b','cd0256d7-8439-11e8-9538-00155d0a851b','Complete Physical Exam',NULL),('a1adf66b-8429-11e8-9538-00155d0a851b','ELIG','Eligibility Questionnaire','Eligibility Questionnaire','2018-05-21','1.0',NULL,NULL,NULL,'Complete','79edc223-843a-11e8-9538-00155d0a851b','2018-07-11 18:05:09','654ec9a2-8434-11e8-9538-00155d0a851b','cd0256d7-8439-11e8-9538-00155d0a851b','Register Patient',NULL),('a1adf74e-8429-11e8-9538-00155d0a851b','DEM','Demographics Information','Demographics Information','2018-05-01','1.0',NULL,NULL,NULL,'Complete','79edc223-843a-11e8-9538-00155d0a851b','2018-07-11 18:05:09','654ec9a2-8434-11e8-9538-00155d0a851b','cd0256d7-8439-11e8-9538-00155d0a851b','Complete Demographics',NULL),('a1adf7c9-8429-11e8-9538-00155d0a851b','DIS_CHA','Disease Characteristics','Disease Characteristics','2018-05-21','1.0',NULL,NULL,NULL,'Complete','79edc223-843a-11e8-9538-00155d0a851b','2018-07-11 18:05:09','654ec9a2-8434-11e8-9538-00155d0a851b','cd0256d7-8439-11e8-9538-00155d0a851b','Complete Disease Characteristics',NULL),('a1adf83c-8429-11e8-9538-00155d0a851b','SOC_FAC','Social Factors','Social Factors','2018-05-21','1.0',NULL,NULL,NULL,'Complete','79edc223-843a-11e8-9538-00155d0a851b','2018-07-11 18:05:09','654ec9a2-8434-11e8-9538-00155d0a851b','cd0256d7-8439-11e8-9538-00155d0a851b','Complete Social factors',NULL),('a1adf8ab-8429-11e8-9538-00155d0a851b','RIS_FAC','Risk Factors','Risk Factor','2018-05-21','1.0',NULL,NULL,NULL,'Complete','79edc223-843a-11e8-9538-00155d0a851b','2018-07-11 18:05:09','654ec9a2-8434-11e8-9538-00155d0a851b','cd0256d7-8439-11e8-9538-00155d0a851b','Complete Risk Factor',NULL),('a1adf91b-8429-11e8-9538-00155d0a851b','DIS_HIS','Hep C History','Hep C History','2018-05-21','1.0',NULL,NULL,NULL,'Complete','79edc223-843a-11e8-9538-00155d0a851b','2018-07-11 18:05:09','654ec9a2-8434-11e8-9538-00155d0a851b','cd0256d7-8439-11e8-9538-00155d0a851b','Complete Hep C History',NULL),('a1adf98a-8429-11e8-9538-00155d0a851b','COMORB','Co-morbidities','Co-morbidities','2018-05-21','1.0',NULL,NULL,NULL,'Complete','79edc223-843a-11e8-9538-00155d0a851b','2018-07-11 18:05:09','654ec9a2-8434-11e8-9538-00155d0a851b','cd0256d7-8439-11e8-9538-00155d0a851b','Complete Co-morbidities',NULL),('a1adf9fa-8429-11e8-9538-00155d0a851b','PRO_HIS','Procedure History','Procedure History','2018-05-21','1.0',NULL,NULL,NULL,'Complete','79edc223-843a-11e8-9538-00155d0a851b','2018-07-11 18:05:09','654ec9a2-8434-11e8-9538-00155d0a851b','cd0256d7-8439-11e8-9538-00155d0a851b','Complete Procedure History',NULL),('a1adfa77-8429-11e8-9538-00155d0a851b','SYS_REV','Review of Systems','Review of Systems','2018-05-21','1.0',NULL,NULL,NULL,'Complete','79edc223-843a-11e8-9538-00155d0a851b','2018-07-11 18:05:09','654ec9a2-8434-11e8-9538-00155d0a851b','cd0256d7-8439-11e8-9538-00155d0a851b','Complete Review of Systems',NULL),('a1adfaea-8429-11e8-9538-00155d0a851b','CLI_IMP','Clinical Impression','Clinical Impression','2018-05-21','1.0',NULL,NULL,NULL,'Complete','79edc223-843a-11e8-9538-00155d0a851b','2018-07-11 18:05:09','654ec9a2-8434-11e8-9538-00155d0a851b','cd0256d7-8439-11e8-9538-00155d0a851b','Complete Clinical Impression',NULL);

INSERT INTO `crf_questions` VALUES ('074142c4-ab66-11e8-b3c7-00155d0a851b','36d049d3-a779-11e8-8b48-00155d0a851b','Chest',NULL,'radio','41','PHY_EX_4',6,'Yes',NULL,NULL,NULL,NULL,NULL,NULL,'Text',NULL,'inline',NULL,'79edc223-843a-11e8-9538-00155d0a851b','2018-08-29 12:57:04',NULL,NULL),('108b9e85-ab67-11e8-b3c7-00155d0a851b','36d049d3-a779-11e8-8b48-00155d0a851b','Abdomen Ascites present',NULL,'radio','40','PHY_EX_6',9,'Yes',NULL,NULL,NULL,NULL,NULL,NULL,'Text',NULL,'inline',NULL,'79edc223-843a-11e8-9538-00155d0a851b','2018-08-29 12:57:04',NULL,NULL),('1a42cb97-ab72-11e8-b3c7-00155d0a851b','36d049d3-a779-11e8-8b48-00155d0a851b','If abnormal, provide details',NULL,'txt',NULL,'PHY_EX_11.1',16,'No',NULL,NULL,NULL,'d84483a7-ab71-11e8-b3c7-00155d0a851b','#val#~=~Abnormal',NULL,'Text',NULL,NULL,NULL,'79edc223-843a-11e8-9538-00155d0a851b','2018-08-29 15:29:46',NULL,NULL),('20d6bdf5-842a-11e8-9538-00155d0a851b','fcabf984-842a-11e8-9538-00155d0a851b','Have you been tested for HCV Ab?','Have you been tested for HCV Ab?','radio','1','ELI_1',1,'Yes',NULL,NULL,NULL,NULL,NULL,NULL,'Text',NULL,'inline','PLease Select value for Have you been tested for HCV Ab?','79edc223-843a-11e8-9538-00155d0a851b','2018-07-20 12:08:26',NULL,NULL),('20d6bee2-842a-11e8-9538-00155d0a851b','fcabf984-842a-11e8-9538-00155d0a851b','If yes, provide the test date','If yes, provide the test date','txt',NULL,'ELI_2.1',2,'No',NULL,NULL,NULL,'20d6bdf5-842a-11e8-9538-00155d0a851b','#val#~=~Prior test',NULL,'Date',NULL,'inline','Please Enter valid date for test','79edc223-843a-11e8-9538-00155d0a851b','2018-08-09 15:51:27',NULL,NULL),('20d6bf60-842a-11e8-9538-00155d0a851b','fcabf984-842a-11e8-9538-00155d0a851b','If yes, provide the test result','If yes, provide the test result','radio','2','ELI_2.2',3,'No',NULL,NULL,NULL,'20d6bdf5-842a-11e8-9538-00155d0a851b','#val#~=~Prior test',NULL,'Text',NULL,'inline','Please select your test result','79edc223-843a-11e8-9538-00155d0a851b','2018-07-27 14:02:32',NULL,NULL),('20d6bfd8-842a-11e8-9538-00155d0a851b','fcabf984-842a-11e8-9538-00155d0a851b','Do you currently inject drugs?','Do you currently inject drugs?','radio','3','ELI_3',4,'Yes',NULL,NULL,NULL,NULL,NULL,NULL,'Text',NULL,'inline','Please select your answer','79edc223-843a-11e8-9538-00155d0a851b','2018-07-20 12:08:26',NULL,NULL),('20d6c04d-842a-11e8-9538-00155d0a851b','fcabf984-842a-11e8-9538-00155d0a851b','Have you ever injected drugs?','Have you ever injected drugs?','radio','3','ELI_4',5,'Yes',NULL,NULL,NULL,NULL,NULL,NULL,'Text',NULL,'inline','Please select your answer','79edc223-843a-11e8-9538-00155d0a851b','2018-07-20 12:08:26',NULL,NULL),('20d6c0c2-842a-11e8-9538-00155d0a851b','fcabf984-842a-11e8-9538-00155d0a851b','Do you have HIV?','Do you have HIV?','radio','3','ELI_5',6,'Yes',NULL,NULL,NULL,NULL,NULL,NULL,'Text',NULL,'inline','Please Select your answer','79edc223-843a-11e8-9538-00155d0a851b','2018-07-20 12:08:26',NULL,NULL),('20d6c13a-842a-11e8-9538-00155d0a851b','fcabfbb3-842a-11e8-9538-00155d0a851b','Batch ID','Batch ID','txt',NULL,'DEM 1',1,'No',NULL,NULL,NULL,NULL,NULL,NULL,'Text',NULL,'inline','','79edc223-843a-11e8-9538-00155d0a851b','2018-08-09 15:51:27',NULL,NULL),('20d6c1b1-842a-11e8-9538-00155d0a851b','fcabfbb3-842a-11e8-9538-00155d0a851b','DOB','DOB','txt',NULL,'DEM DOB',2,'Yes',NULL,NULL,NULL,NULL,NULL,NULL,'Date',NULL,'inline','Please Enter your DOB','79edc223-843a-11e8-9538-00155d0a851b','2018-08-09 15:51:27','{\"field\": \"PAT_DOB\", \"table\": \"participants\", \"sessionKey\": \"dob\"}',NULL),('20d6c233-842a-11e8-9538-00155d0a851b','fcabfbb3-842a-11e8-9538-00155d0a851b','Current Gender','Current Gender','radio','19','DEM GENDER',3,'Yes',NULL,NULL,NULL,NULL,NULL,NULL,'Text',NULL,'inline','Please Select your current gender','79edc223-843a-11e8-9538-00155d0a851b','2018-08-09 15:51:27','{\"field\": \"PAT_GENDER_CURR\", \"table\": \"participants\", \"sessionKey\": \"gender\"}',NULL),('20d6c2a9-842a-11e8-9538-00155d0a851b','fcabfbb3-842a-11e8-9538-00155d0a851b','Gender at Birth','Gender at Birth','radio','19','DEM 4',4,'Yes',NULL,NULL,NULL,NULL,NULL,NULL,'Text',NULL,'inline','Please select your gender at birth','79edc223-843a-11e8-9538-00155d0a851b','2018-08-09 15:51:27',NULL,NULL),('20d6c31e-842a-11e8-9538-00155d0a851b','fcabfbb3-842a-11e8-9538-00155d0a851b','Race','Race','lst','20','DEM_RACE',5,'Yes',NULL,NULL,NULL,NULL,NULL,NULL,'Text',NULL,'inline','Please select your race','79edc223-843a-11e8-9538-00155d0a851b','2018-08-09 15:51:27',NULL,NULL),('20d6c393-842a-11e8-9538-00155d0a851b','fcabfbb3-842a-11e8-9538-00155d0a851b','Ethnicity','Ethnicity','lst','21','DEM_ETHINICITY',6,'Yes',NULL,NULL,NULL,NULL,NULL,NULL,'Text',NULL,'inline','Please select your Ethnicity','79edc223-843a-11e8-9538-00155d0a851b','2018-08-09 15:51:27',NULL,NULL),('20d6c4f2-842a-11e8-9538-00155d0a851b','fcabfbb3-842a-11e8-9538-00155d0a851b','Patient cohort status','Patient cohort status','txt',NULL,'DEM_COHORT',7,'No',NULL,NULL,NULL,NULL,NULL,NULL,'Text',NULL,'inline',NULL,'79edc223-843a-11e8-9538-00155d0a851b','2018-08-09 15:51:27',NULL,NULL),('20d6c584-842a-11e8-9538-00155d0a851b','fcabfbb3-842a-11e8-9538-00155d0a851b','Status date','Status date','txt',NULL,'DEM_COH_DATE',8,'No',NULL,NULL,NULL,NULL,NULL,NULL,'Date',NULL,'inline',NULL,'79edc223-843a-11e8-9538-00155d0a851b','2018-08-09 15:51:27',NULL,NULL),('20d6c5fa-842a-11e8-9538-00155d0a851b','fcabfbb3-842a-11e8-9538-00155d0a851b','Region/Town','Region/Town','txt',NULL,'DEM_REGION',9,'Yes',NULL,NULL,NULL,NULL,NULL,NULL,'Text',NULL,'inline','Please select your region','79edc223-843a-11e8-9538-00155d0a851b','2018-08-09 15:51:27',NULL,NULL),('20d6c66e-842a-11e8-9538-00155d0a851b','fcabfbb3-842a-11e8-9538-00155d0a851b','Country of birth','Country of birth','txt',NULL,'DEM_COUNTRY',10,'Yes',NULL,NULL,NULL,NULL,NULL,NULL,'Text',NULL,'inline','Please select your country','79edc223-843a-11e8-9538-00155d0a851b','2018-08-09 15:51:27',NULL,NULL),('20d6c6ee-842a-11e8-9538-00155d0a851b','fcabfbb3-842a-11e8-9538-00155d0a851b','State of residency','State of residency','txt',NULL,'DEM_RESI',11,'Yes',NULL,NULL,NULL,NULL,NULL,NULL,'Text',NULL,'inline','Please select your state','79edc223-843a-11e8-9538-00155d0a851b','2018-08-09 15:51:27',NULL,NULL),('20d6c764-842a-11e8-9538-00155d0a851b','fcabfbb3-842a-11e8-9538-00155d0a851b','Primary Insurance','Primary Insurance','txt',NULL,'DEM_PRI_INS',12,'No',NULL,NULL,NULL,NULL,NULL,NULL,'Text',NULL,'inline','Please enter your primary insurance','79edc223-843a-11e8-9538-00155d0a851b','2018-08-09 15:51:27',NULL,NULL),('20d6c7e2-842a-11e8-9538-00155d0a851b','fcabfbb3-842a-11e8-9538-00155d0a851b','Secondary Insurance','Secondary Insurance','txt',NULL,'DEM_SEC_INS',13,'No',NULL,NULL,NULL,NULL,NULL,NULL,'Text',NULL,'inline',NULL,'79edc223-843a-11e8-9538-00155d0a851b','2018-08-09 15:51:27',NULL,NULL),('20d6c85a-842a-11e8-9538-00155d0a851b','fcabfbb3-842a-11e8-9538-00155d0a851b','Baseline height','Baseline height','txt',NULL,'DEM_HGT',14,'Yes',NULL,NULL,NULL,NULL,NULL,NULL,'Text',NULL,'inline','Please enter your height','79edc223-843a-11e8-9538-00155d0a851b','2018-08-09 15:51:27',NULL,NULL),('20d6c8ce-842a-11e8-9538-00155d0a851b','fcabfbb3-842a-11e8-9538-00155d0a851b','Date of baseline height','Date of baseline height','txt',NULL,'DEM_HGT_DT',15,'Yes',NULL,NULL,NULL,NULL,NULL,NULL,'Date',NULL,'inline','Please enter date for your baseline height','79edc223-843a-11e8-9538-00155d0a851b','2018-08-09 15:51:27',NULL,NULL),('20d6c943-842a-11e8-9538-00155d0a851b','fcabfbb3-842a-11e8-9538-00155d0a851b','Baseline weight','Baseline weight','txt',NULL,'DEM_WGT',16,'Yes',NULL,NULL,NULL,NULL,NULL,NULL,'Text',NULL,'inline','Please enter your baseline weight','79edc223-843a-11e8-9538-00155d0a851b','2018-08-09 15:51:27',NULL,NULL),('20d6c9b7-842a-11e8-9538-00155d0a851b','fcabfbb3-842a-11e8-9538-00155d0a851b','Date of baseline weight','Date of baseline weight','txt',NULL,'DEM_WGT_DT',17,'Yes',NULL,NULL,NULL,NULL,NULL,NULL,'Date',NULL,'inline','Please enter your date for your baseline weight','79edc223-843a-11e8-9538-00155d0a851b','2018-08-09 15:51:27',NULL,NULL),('20d6ca2d-842a-11e8-9538-00155d0a851b','fcabfd54-842a-11e8-9538-00155d0a851b','Date (Year) of diagnosis','Date (Year) of diagnosis','txt',NULL,'DSC_DT',1,'Yes',NULL,NULL,NULL,NULL,NULL,NULL,'Date',NULL,'inline','Please enter Date (Year) of diagnosis?','79edc223-843a-11e8-9538-00155d0a851b','2018-08-09 15:51:27',NULL,NULL),('20d6caab-842a-11e8-9538-00155d0a851b','fcabfd54-842a-11e8-9538-00155d0a851b','Genotype, if known','Genotype, if known','chk','4','DSC_GEN',2,'No',NULL,NULL,NULL,NULL,NULL,NULL,'Text',NULL,'inline',NULL,'79edc223-843a-11e8-9538-00155d0a851b','2018-08-09 15:51:27',NULL,NULL),('20d6cb2a-842a-11e8-9538-00155d0a851b','fcabfd54-842a-11e8-9538-00155d0a851b','Hep A Status','Hep A Status','chk','5','DSC_HEPA',3,'No',NULL,NULL,NULL,NULL,NULL,NULL,'Text',NULL,'inline',NULL,'79edc223-843a-11e8-9538-00155d0a851b','2018-08-29 12:57:04',NULL,NULL),('20d6cba9-842a-11e8-9538-00155d0a851b','fcabfd54-842a-11e8-9538-00155d0a851b','Hep B Status','Hep B Status','chk','6','DSC_HEPB',4,'No',NULL,NULL,NULL,NULL,NULL,NULL,'Text',NULL,'inline',NULL,'79edc223-843a-11e8-9538-00155d0a851b','2018-08-09 15:51:27',NULL,NULL),('20d6cc27-842a-11e8-9538-00155d0a851b','fcabfd54-842a-11e8-9538-00155d0a851b','HIV','HIV','chk','7','DSC_HIV',5,'No',NULL,NULL,NULL,NULL,NULL,NULL,'Text',NULL,'inline',NULL,'79edc223-843a-11e8-9538-00155d0a851b','2018-08-09 15:51:27',NULL,NULL),('20d6cca6-842a-11e8-9538-00155d0a851b','fcabfd54-842a-11e8-9538-00155d0a851b','If HIV negative, Date of last test?','If HIV negative, Date of last test?','txt',NULL,'DSC_HIV_DT',6,'No',NULL,NULL,NULL,'20d6cc27-842a-11e8-9538-00155d0a851b','#val#~=~Negative',NULL,'Date',NULL,'inline',NULL,'79edc223-843a-11e8-9538-00155d0a851b','2018-07-27 14:02:32',NULL,NULL),('20d6cd23-842a-11e8-9538-00155d0a851b','fcabfd54-842a-11e8-9538-00155d0a851b','Prior liver studies completed','Prior liver studies completed','chk','8','DSC_PR_LIVER',7,'No',NULL,NULL,NULL,NULL,NULL,NULL,'Text',NULL,'inline',NULL,'79edc223-843a-11e8-9538-00155d0a851b','2018-08-09 15:49:38',NULL,NULL),('20d6cda3-842a-11e8-9538-00155d0a851b','fcabfd54-842a-11e8-9538-00155d0a851b','Grade','Grade','radio','9','DSC_GRADE',8,'No',NULL,NULL,NULL,NULL,NULL,NULL,'Text',NULL,'inline',NULL,'79edc223-843a-11e8-9538-00155d0a851b','2018-08-09 15:51:27',NULL,NULL),('20d6ce22-842a-11e8-9538-00155d0a851b','fcabfd54-842a-11e8-9538-00155d0a851b','Stage','Stage','radio','10','DSC_STAGE',9,'No',NULL,NULL,NULL,NULL,NULL,NULL,'Text',NULL,'inline',NULL,'79edc223-843a-11e8-9538-00155d0a851b','2018-08-09 15:51:27',NULL,NULL),('20d6ce9f-842a-11e8-9538-00155d0a851b','fcabfd54-842a-11e8-9538-00155d0a851b','Date of liver biopsy','Date of liver biopsy','txt',NULL,'DSC_BIOPSY_DT',10,'No',NULL,NULL,NULL,NULL,NULL,NULL,'Date',NULL,'inline',NULL,'79edc223-843a-11e8-9538-00155d0a851b','2018-08-09 15:51:27',NULL,NULL),('20d6cf21-842a-11e8-9538-00155d0a851b','fcabfd54-842a-11e8-9538-00155d0a851b','If Fibrosure','If Fibrosure','radio','11','DSC_FIB',11,'No',NULL,NULL,NULL,NULL,NULL,NULL,'Text',NULL,'inline',NULL,'79edc223-843a-11e8-9538-00155d0a851b','2018-08-09 15:51:27',NULL,NULL),('20d6cfa4-842a-11e8-9538-00155d0a851b','fcabfd54-842a-11e8-9538-00155d0a851b','If Fibroscan','If Fibroscan','radio','12','DSC_FSC',12,'No',NULL,NULL,NULL,NULL,NULL,NULL,'Text',NULL,'inline',NULL,'79edc223-843a-11e8-9538-00155d0a851b','2018-08-09 15:51:27',NULL,NULL),('20d6d028-842a-11e8-9538-00155d0a851b','fcabfd54-842a-11e8-9538-00155d0a851b','If endoscopy','If endoscopy','radio','13','DSC_END',13,'No',NULL,NULL,NULL,NULL,NULL,NULL,'Text',NULL,'inline',NULL,'79edc223-843a-11e8-9538-00155d0a851b','2018-08-09 15:51:27',NULL,NULL),('20d6d0a9-842a-11e8-9538-00155d0a851b','fcabfd54-842a-11e8-9538-00155d0a851b','Date of endoscopy','Date of endoscopy','txt',NULL,'DSC_EN_DT',14,'No',NULL,NULL,NULL,NULL,NULL,NULL,'Date',NULL,'inline',NULL,'79edc223-843a-11e8-9538-00155d0a851b','2018-08-09 15:51:27',NULL,NULL),('20d6d12c-842a-11e8-9538-00155d0a851b','fcabfd54-842a-11e8-9538-00155d0a851b','If colonoscopy','If colonoscopy','radio','14','DSC_COL',15,'No',NULL,NULL,NULL,NULL,NULL,NULL,'Text',NULL,'inline',NULL,'79edc223-843a-11e8-9538-00155d0a851b','2018-08-09 15:51:27',NULL,NULL),('20d6d1af-842a-11e8-9538-00155d0a851b','fcabfd54-842a-11e8-9538-00155d0a851b','Date of colonoscopy','Date of colonoscopy','txt',NULL,'DSC_COL_DT',16,'No',NULL,NULL,NULL,NULL,NULL,NULL,'Date',NULL,'inline',NULL,'79edc223-843a-11e8-9538-00155d0a851b','2018-08-09 15:51:27',NULL,NULL),('20d6d234-842a-11e8-9538-00155d0a851b','fcabfd54-842a-11e8-9538-00155d0a851b','Prior treatment','Prior treatment','radio','15','DSC_TRT',17,'No',NULL,NULL,NULL,NULL,NULL,NULL,'Text',NULL,'inline',NULL,'79edc223-843a-11e8-9538-00155d0a851b','2018-08-09 15:51:27',NULL,NULL),('20d6d2b5-842a-11e8-9538-00155d0a851b','fcabfd54-842a-11e8-9538-00155d0a851b','Treatment outcome','Treatment outcome','radio','16','DSC_TRT_OUT',18,'No',NULL,NULL,NULL,NULL,NULL,NULL,'Text',NULL,'inline',NULL,'79edc223-843a-11e8-9538-00155d0a851b','2018-08-09 15:51:27',NULL,NULL),('20d6d336-842a-11e8-9538-00155d0a851b','fcabfd54-842a-11e8-9538-00155d0a851b','Current Assessment','Current Assessment','radio','17','DSC_ASSES',19,'No',NULL,NULL,NULL,NULL,NULL,NULL,'Text',NULL,'inline',NULL,'79edc223-843a-11e8-9538-00155d0a851b','2018-08-09 15:51:27',NULL,NULL),('20d6d3b9-842a-11e8-9538-00155d0a851b','fcabfd54-842a-11e8-9538-00155d0a851b','Immunization','Immunization','radio','18','DSC_IMMU',20,'No',NULL,NULL,NULL,NULL,NULL,NULL,'Text',NULL,'inline',NULL,'79edc223-843a-11e8-9538-00155d0a851b','2018-08-09 15:51:27',NULL,NULL),('20d6d43d-842a-11e8-9538-00155d0a851b','fcac007f-842a-11e8-9538-00155d0a851b','Smoking status','Smoking status','radio','25','RIS_FAC_1',1,'Yes',NULL,NULL,NULL,NULL,NULL,NULL,'Text',NULL,'inline',NULL,'79edc223-843a-11e8-9538-00155d0a851b','2018-08-09 15:51:27',NULL,NULL),('20d6d4be-842a-11e8-9538-00155d0a851b','fcac007f-842a-11e8-9538-00155d0a851b','Alcohol abuse','Alcohol abuse','radio','26','RIS_FAC_2',2,'Yes',NULL,NULL,NULL,NULL,NULL,NULL,'Text',NULL,'inline',NULL,'79edc223-843a-11e8-9538-00155d0a851b','2018-08-09 15:51:27',NULL,NULL),('20d6d541-842a-11e8-9538-00155d0a851b','fcac007f-842a-11e8-9538-00155d0a851b','Recreational drug use','Recreational drug use','radio','27','RIS_FAC_3',3,'Yes',NULL,NULL,NULL,NULL,NULL,NULL,'Text',NULL,'inline',NULL,'79edc223-843a-11e8-9538-00155d0a851b','2018-08-09 15:51:27',NULL,NULL),('20d6d5c3-842a-11e8-9538-00155d0a851b','fcac007f-842a-11e8-9538-00155d0a851b','IV drug use?','IV drug use?','radio','28','RIS_FAC_4',4,'Yes',NULL,NULL,NULL,NULL,NULL,NULL,'Text',NULL,'inline',NULL,'79edc223-843a-11e8-9538-00155d0a851b','2018-07-20 12:08:26',NULL,NULL),('20d6d646-842a-11e8-9538-00155d0a851b','fcac007f-842a-11e8-9538-00155d0a851b','Unprotected sex','Unprotected sex','radio','29','RIS_FAC_5',5,'Yes',NULL,NULL,NULL,NULL,NULL,NULL,'Text',NULL,'inline',NULL,'79edc223-843a-11e8-9538-00155d0a851b','2018-08-09 15:51:27',NULL,NULL),('20d6d6c8-842a-11e8-9538-00155d0a851b','fcabfeef-842a-11e8-9538-00155d0a851b','Housing status','Housing status','radio','30','SOC_FAC_1',1,'No',NULL,NULL,NULL,NULL,NULL,NULL,'Text',NULL,'inline',NULL,'79edc223-843a-11e8-9538-00155d0a851b','2018-08-09 15:51:27',NULL,NULL),('20d6d74a-842a-11e8-9538-00155d0a851b','fcabfeef-842a-11e8-9538-00155d0a851b','Employment status','Employment status','chk','31','SOC_FAC_2',2,'No',NULL,NULL,NULL,NULL,NULL,NULL,'Text',NULL,'inline',NULL,'79edc223-843a-11e8-9538-00155d0a851b','2018-08-09 15:51:27',NULL,NULL),('20d6d7cd-842a-11e8-9538-00155d0a851b','fcabfeef-842a-11e8-9538-00155d0a851b','Marital Status','Marital Status','radio','32','SOC_FAC_3',3,'No',NULL,NULL,NULL,NULL,NULL,NULL,'Text',NULL,'inline',NULL,'79edc223-843a-11e8-9538-00155d0a851b','2018-08-09 15:51:27',NULL,NULL),('20d6d852-842a-11e8-9538-00155d0a851b','fcabfeef-842a-11e8-9538-00155d0a851b','Education Level','Education Level','lst','33','SOC_FAC_4',4,'No',NULL,NULL,NULL,NULL,NULL,NULL,'Text',NULL,'inline',NULL,'79edc223-843a-11e8-9538-00155d0a851b','2018-08-09 15:51:27',NULL,NULL),('20d6d8d7-842a-11e8-9538-00155d0a851b','fcabfeef-842a-11e8-9538-00155d0a851b','Incarceration history','Incarceration history','txt',NULL,'SOC_FAC_5',5,'No',NULL,NULL,NULL,NULL,NULL,NULL,'Text',NULL,'inline',NULL,'79edc223-843a-11e8-9538-00155d0a851b','2018-08-09 15:51:27',NULL,NULL),('6c3f5045-a77b-11e8-8b48-00155d0a851b','4a7afae7-8b54-11e8-b999-00155d0a851b','HIV','','radio','3','COM_1',1,'Yes',NULL,NULL,NULL,NULL,NULL,NULL,'Text',NULL,'inline',NULL,'79edc223-843a-11e8-9538-00155d0a851b','2018-08-24 17:41:43',NULL,NULL),('6f6e273f-ab67-11e8-b3c7-00155d0a851b','36d049d3-a779-11e8-8b48-00155d0a851b','Musculoskeletal Lower extremity edema',NULL,'radio','40','PHY_EX_7',10,'Yes',NULL,NULL,NULL,NULL,NULL,NULL,'Text',NULL,'inline',NULL,'79edc223-843a-11e8-9538-00155d0a851b','2018-08-29 12:57:04',NULL,NULL),('76479483-ab66-11e8-b3c7-00155d0a851b','36d049d3-a779-11e8-8b48-00155d0a851b','If abnormal, provide details',NULL,'txt',NULL,'PHY_EX_4.1',7,'No',NULL,NULL,NULL,'074142c4-ab66-11e8-b3c7-00155d0a851b','#val#~=~Abnormal',NULL,'Text',NULL,NULL,NULL,'79edc223-843a-11e8-9538-00155d0a851b','2018-08-29 12:57:04',NULL,NULL),('7d2d7609-ab68-11e8-b3c7-00155d0a851b','36d049d3-a779-11e8-8b48-00155d0a851b','If abnormal, provide details',NULL,'txt',NULL,'PHY_EX_9.1',13,'No',NULL,NULL,NULL,'f8e1d2b5-ab67-11e8-b3c7-00155d0a851b','#val#~=~Abnormal',NULL,'Text',NULL,NULL,NULL,'79edc223-843a-11e8-9538-00155d0a851b','2018-08-29 12:57:04',NULL,NULL),('863b5591-ab60-11e8-b3c7-00155d0a851b','36d049d3-a779-11e8-8b48-00155d0a851b','If abnormal, provide details',NULL,'txt',NULL,'PHY_EX_2.1',3,'No',NULL,NULL,NULL,'e8cd51c4-ab5e-11e8-b3c7-00155d0a851b','#val#~=~Abnormal',NULL,'Text',NULL,NULL,NULL,'79edc223-843a-11e8-9538-00155d0a851b','2018-08-29 12:57:04',NULL,NULL),('9d59058e-ab71-11e8-b3c7-00155d0a851b','36d049d3-a779-11e8-8b48-00155d0a851b','Hematologic Diffuse ecchymoses and/or petechiae',NULL,'radio','40','PHY_EX_10',14,'Yes',NULL,NULL,NULL,NULL,NULL,NULL,'Text',NULL,'inline',NULL,'79edc223-843a-11e8-9538-00155d0a851b','2018-08-29 12:57:04',NULL,NULL),('9f0a7cb6-ab61-11e8-b3c7-00155d0a851b','36d049d3-a779-11e8-8b48-00155d0a851b','Cardiovascular',NULL,'radio','41','PHY_EX_3',4,'Yes',NULL,NULL,NULL,NULL,'',NULL,'Text',NULL,'inline',NULL,'79edc223-843a-11e8-9538-00155d0a851b','2018-08-29 12:57:04',NULL,NULL),('a0ec0e20-a798-11e8-8b48-00155d0a851b','38c00c12-a798-11e8-8b48-00155d0a851b','Procedure','Please enter details of the procedure','txt','','PRO_1',1,'Yes',NULL,NULL,NULL,NULL,NULL,NULL,'Text',NULL,NULL,NULL,'79edc223-843a-11e8-9538-00155d0a851b','2018-08-24 17:39:24',NULL,NULL),('b4b255df-a791-11e8-8b48-00155d0a851b','4a7afae7-8b54-11e8-b999-00155d0a851b','Hepatitis B','','radio','3','COM_2',2,'Yes',NULL,NULL,NULL,NULL,NULL,NULL,'Text',NULL,'inline',NULL,'79edc223-843a-11e8-9538-00155d0a851b','2018-08-24 17:41:43',NULL,NULL),('b4c917b7-a791-11e8-8b48-00155d0a851b','4a7afae7-8b54-11e8-b999-00155d0a851b','Coronary artery disease or Congestive Heart Failure','','radio','3','COM_3',3,'Yes',NULL,NULL,NULL,NULL,NULL,NULL,'Text',NULL,'inline',NULL,'79edc223-843a-11e8-9538-00155d0a851b','2018-08-24 17:41:43',NULL,NULL),('b4cb60d5-a791-11e8-8b48-00155d0a851b','4a7afae7-8b54-11e8-b999-00155d0a851b','Diabetes Mellitus','','radio','3','COM_4',4,'Yes',NULL,NULL,NULL,NULL,NULL,NULL,'Text',NULL,'inline',NULL,'79edc223-843a-11e8-9538-00155d0a851b','2018-08-24 17:41:43',NULL,NULL),('b4cdb840-a791-11e8-8b48-00155d0a851b','4a7afae7-8b54-11e8-b999-00155d0a851b','Stroke','','radio','3','COM_5',5,'Yes',NULL,NULL,NULL,NULL,NULL,NULL,'Text',NULL,'inline',NULL,'79edc223-843a-11e8-9538-00155d0a851b','2018-08-24 17:41:43',NULL,NULL),('b4d01cdd-a791-11e8-8b48-00155d0a851b','4a7afae7-8b54-11e8-b999-00155d0a851b','Hyperlipidemia','','radio','3','COM_6',6,'Yes',NULL,NULL,NULL,NULL,NULL,NULL,'Text',NULL,'inline',NULL,'79edc223-843a-11e8-9538-00155d0a851b','2018-08-24 17:41:43',NULL,NULL),('b4d2721f-a791-11e8-8b48-00155d0a851b','4a7afae7-8b54-11e8-b999-00155d0a851b','Cancer','','radio','3','COM_7',7,'Yes',NULL,NULL,NULL,NULL,NULL,NULL,'Text',NULL,'inline',NULL,'79edc223-843a-11e8-9538-00155d0a851b','2018-08-24 17:41:43',NULL,NULL),('b4d4d924-a791-11e8-8b48-00155d0a851b','4a7afae7-8b54-11e8-b999-00155d0a851b','Asthma','','radio','3','COM_8',8,'Yes',NULL,NULL,NULL,NULL,NULL,NULL,'Text',NULL,'inline',NULL,'79edc223-843a-11e8-9538-00155d0a851b','2018-08-24 17:41:43',NULL,NULL),('b4d8f42b-a791-11e8-8b48-00155d0a851b','4a7afae7-8b54-11e8-b999-00155d0a851b','COPD','','radio','3','COM_9',9,'Yes',NULL,NULL,NULL,NULL,NULL,NULL,'Text',NULL,'inline',NULL,'79edc223-843a-11e8-9538-00155d0a851b','2018-08-24 17:41:43',NULL,NULL),('b4deaefc-a791-11e8-8b48-00155d0a851b','4a7afae7-8b54-11e8-b999-00155d0a851b','Chronic renal failure','','radio','3','COM_10',10,'Yes',NULL,NULL,NULL,NULL,NULL,NULL,'Text',NULL,'inline',NULL,'79edc223-843a-11e8-9538-00155d0a851b','2018-08-24 17:41:43',NULL,NULL),('b4e3612c-a791-11e8-8b48-00155d0a851b','4a7afae7-8b54-11e8-b999-00155d0a851b','Hypertension','','radio','3','COM_11',11,'Yes',NULL,NULL,NULL,NULL,NULL,NULL,'Text',NULL,'inline',NULL,'79edc223-843a-11e8-9538-00155d0a851b','2018-08-24 17:41:43',NULL,NULL),('b4e58eed-a791-11e8-8b48-00155d0a851b','4a7afae7-8b54-11e8-b999-00155d0a851b','Neuropathy','','radio','3','COM_12',12,'Yes',NULL,NULL,NULL,NULL,NULL,NULL,'Text',NULL,'inline',NULL,'79edc223-843a-11e8-9538-00155d0a851b','2018-08-24 17:41:43',NULL,NULL),('b4e7fbc9-a791-11e8-8b48-00155d0a851b','4a7afae7-8b54-11e8-b999-00155d0a851b','Psychiatric disease','','radio','3','COM_13',13,'Yes',NULL,NULL,NULL,NULL,NULL,NULL,'Text',NULL,'inline',NULL,'79edc223-843a-11e8-9538-00155d0a851b','2018-08-24 17:41:43',NULL,NULL),('b4f346d8-a791-11e8-8b48-00155d0a851b','4a7afae7-8b54-11e8-b999-00155d0a851b','Auto-immune disorder','','radio','3','COM_14',14,'Yes',NULL,NULL,NULL,NULL,NULL,NULL,'Text',NULL,'inline',NULL,'79edc223-843a-11e8-9538-00155d0a851b','2018-08-24 17:39:24',NULL,NULL),('b9e47155-ab67-11e8-b3c7-00155d0a851b','36d049d3-a779-11e8-8b48-00155d0a851b','Musculoskeletal Joint swelling',NULL,'radio','40','PHY_EX_8',11,'Yes',NULL,NULL,NULL,NULL,NULL,NULL,'Text',NULL,'inline',NULL,'79edc223-843a-11e8-9538-00155d0a851b','2018-08-29 12:57:04',NULL,NULL),('cd48f065-ab66-11e8-b3c7-00155d0a851b','36d049d3-a779-11e8-8b48-00155d0a851b','Abdomen Distended',NULL,'radio','40','PHY_EX_5',8,'Yes',NULL,NULL,NULL,NULL,NULL,NULL,'Text',NULL,NULL,NULL,'79edc223-843a-11e8-9538-00155d0a851b','2018-08-29 12:57:04',NULL,NULL),('d653ca32-ab62-11e8-b3c7-00155d0a851b','36d049d3-a779-11e8-8b48-00155d0a851b','If abnormal, provide details',NULL,'txt',NULL,'PHY_EX_3.1',5,'No',NULL,NULL,NULL,'9f0a7cb6-ab61-11e8-b3c7-00155d0a851b','#val#~=~Abnormal',NULL,'Text',NULL,NULL,NULL,'79edc223-843a-11e8-9538-00155d0a851b','2018-08-29 12:57:04',NULL,NULL),('d84483a7-ab71-11e8-b3c7-00155d0a851b','36d049d3-a779-11e8-8b48-00155d0a851b','Skin',NULL,'radio','41','PHY_EX_11',15,'Yes',NULL,NULL,NULL,NULL,NULL,NULL,'Text',NULL,'inline',NULL,'79edc223-843a-11e8-9538-00155d0a851b','2018-08-29 12:57:04',NULL,NULL),('de790e27-a799-11e8-8b48-00155d0a851b','38c00c12-a798-11e8-8b48-00155d0a851b','Procedure Date',NULL,'txt',NULL,'PRO_2',2,'Yes',NULL,NULL,NULL,NULL,NULL,NULL,'Date',NULL,NULL,NULL,'79edc223-843a-11e8-9538-00155d0a851b','2018-08-29 12:57:04',NULL,NULL),('de7965de-a799-11e8-8b48-00155d0a851b','38c00c12-a798-11e8-8b48-00155d0a851b','Result',NULL,'txt',NULL,'PRO_3',3,'Yes',NULL,NULL,NULL,NULL,NULL,NULL,'Text',NULL,NULL,NULL,'79edc223-843a-11e8-9538-00155d0a851b','2018-08-29 12:57:04',NULL,NULL),('de79a2ae-a799-11e8-8b48-00155d0a851b','38c00c12-a798-11e8-8b48-00155d0a851b','Description of Result',NULL,'txt',NULL,'PRO_4',4,'No',NULL,NULL,NULL,NULL,NULL,NULL,'Text',NULL,NULL,NULL,'79edc223-843a-11e8-9538-00155d0a851b','2018-08-29 13:11:19',NULL,NULL),('e137037a-a9f1-11e8-b3c7-00155d0a851b','51735afd-a9c4-11e8-8b48-00155d0a851b','Education Provided ',NULL,'chk','38','CLI_3',3,'Yes',NULL,NULL,NULL,NULL,NULL,NULL,'Text',NULL,'inline',NULL,'79edc223-843a-11e8-9538-00155d0a851b','2018-08-29 12:57:04',NULL,NULL),('e1462d2c-a9f1-11e8-b3c7-00155d0a851b','51735afd-a9c4-11e8-8b48-00155d0a851b','Adherence',NULL,'radio','39','CLI_4',4,'Yes',NULL,NULL,NULL,NULL,NULL,NULL,'Text',NULL,'inline',NULL,'79edc223-843a-11e8-9538-00155d0a851b','2018-08-29 12:57:04',NULL,NULL),('e146aa0a-a9f1-11e8-b3c7-00155d0a851b','51735afd-a9c4-11e8-8b48-00155d0a851b','HCV Current Treatment Response ',NULL,'radio','40','CLI_5',5,'Yes',NULL,NULL,NULL,NULL,NULL,NULL,'Text',NULL,'inline',NULL,'79edc223-843a-11e8-9538-00155d0a851b','2018-08-29 12:57:04',NULL,NULL),('e1472398-a9f1-11e8-b3c7-00155d0a851b','51735afd-a9c4-11e8-8b48-00155d0a851b','Referrals',NULL,'chk','41','CLI_6',6,'No',NULL,NULL,NULL,NULL,NULL,NULL,'Text',NULL,'inline',NULL,'79edc223-843a-11e8-9538-00155d0a851b','2018-08-29 12:57:04',NULL,NULL),('e256b896-a791-11e8-8b48-00155d0a851b','4a7afae7-8b54-11e8-b999-00155d0a851b','Osteoporosis ','','radio','3','COM_15',15,'Yes',NULL,NULL,NULL,NULL,NULL,NULL,'Text',NULL,'inline',NULL,'79edc223-843a-11e8-9538-00155d0a851b','2018-08-24 17:39:24',NULL,NULL),('e8cd51c4-ab5e-11e8-b3c7-00155d0a851b','36d049d3-a779-11e8-8b48-00155d0a851b','HEENT',NULL,'radio','41','PHY_EX_2',2,'Yes',NULL,NULL,NULL,NULL,NULL,NULL,'Text',NULL,'inline',NULL,'79edc223-843a-11e8-9538-00155d0a851b','2018-08-29 13:06:53',NULL,NULL),('eb3bc9a4-ab5c-11e8-b3c7-00155d0a851b','36d049d3-a779-11e8-8b48-00155d0a851b','General/Constitutional Jaundice',NULL,'radio','40','PHY_EX_1',1,'Yes',NULL,NULL,NULL,NULL,NULL,NULL,'Text',NULL,'inline',NULL,'79edc223-843a-11e8-9538-00155d0a851b','2018-08-29 13:06:53',NULL,NULL),('f25f13ee-a9e0-11e8-91c5-00155d0a851b','51735afd-a9c4-11e8-8b48-00155d0a851b','Medication',NULL,'radio','37','CLI_1',1,'Yes',NULL,NULL,NULL,NULL,NULL,NULL,'Text',NULL,'inline',NULL,'79edc223-843a-11e8-9538-00155d0a851b','2018-08-29 12:57:04',NULL,NULL),('f266b063-a9e0-11e8-91c5-00155d0a851b','51735afd-a9c4-11e8-8b48-00155d0a851b','Liver staging',NULL,'radio','17','CLI 2',2,'Yes',NULL,NULL,NULL,NULL,NULL,NULL,'Text',NULL,'inline',NULL,'79edc223-843a-11e8-9538-00155d0a851b','2018-08-29 12:57:04',NULL,NULL),('f8e1d2b5-ab67-11e8-b3c7-00155d0a851b','36d049d3-a779-11e8-8b48-00155d0a851b','Neurological',NULL,'radio','41','PHY_EX_9',12,'Yes',NULL,NULL,NULL,NULL,NULL,NULL,'Text',NULL,'inline',NULL,'79edc223-843a-11e8-9538-00155d0a851b','2018-08-29 12:57:04',NULL,NULL);

INSERT INTO `crf_sections` VALUES ('32bf9345-aa8a-11e8-b3c7-00155d0a851b','a1adfa77-8429-11e8-9538-00155d0a851b','Default',NULL,NULL,NULL,1,NULL,'79edc223-843a-11e8-9538-00155d0a851b','2018-08-29 13:03:44',NULL),('36d049d3-a779-11e8-8b48-00155d0a851b','2342e052-8b54-11e8-b999-00155d0a851b','Default',NULL,NULL,NULL,1,NULL,'79edc223-843a-11e8-9538-00155d0a851b','2018-08-24 17:36:19',NULL),('38c00c12-a798-11e8-8b48-00155d0a851b','a1adf9fa-8429-11e8-9538-00155d0a851b','Default',NULL,NULL,NULL,1,NULL,'79edc223-843a-11e8-9538-00155d0a851b','2018-08-24 17:51:39',NULL),('4a7afae7-8b54-11e8-b999-00155d0a851b','a1adf98a-8429-11e8-9538-00155d0a851b','Default',NULL,NULL,NULL,1,NULL,'79edc223-843a-11e8-9538-00155d0a851b','2018-08-24 14:09:30',NULL),('51735afd-a9c4-11e8-8b48-00155d0a851b','a1adfaea-8429-11e8-9538-00155d0a851b','Default',NULL,NULL,NULL,1,NULL,'79edc223-843a-11e8-9538-00155d0a851b','2018-08-29 13:03:44',NULL),('fcabf984-842a-11e8-9538-00155d0a851b','a1adf66b-8429-11e8-9538-00155d0a851b','Default','',NULL,NULL,1,NULL,'79edc223-843a-11e8-9538-00155d0a851b','2018-07-11 18:06:46',NULL),('fcabfbb3-842a-11e8-9538-00155d0a851b','a1adf74e-8429-11e8-9538-00155d0a851b','Default','',NULL,NULL,1,NULL,'79edc223-843a-11e8-9538-00155d0a851b','2018-07-11 18:06:46',NULL),('fcabfd54-842a-11e8-9538-00155d0a851b','a1adf7c9-8429-11e8-9538-00155d0a851b','Default',NULL,NULL,NULL,1,NULL,'79edc223-843a-11e8-9538-00155d0a851b','2018-07-11 18:06:46',NULL),('fcabfeef-842a-11e8-9538-00155d0a851b','a1adf83c-8429-11e8-9538-00155d0a851b','Default',NULL,NULL,NULL,1,NULL,'79edc223-843a-11e8-9538-00155d0a851b','2018-07-11 18:06:46',NULL),('fcac007f-842a-11e8-9538-00155d0a851b','a1adf8ab-8429-11e8-9538-00155d0a851b','Default',NULL,NULL,NULL,1,NULL,'79edc223-843a-11e8-9538-00155d0a851b','2018-07-11 18:06:46',NULL);

INSERT INTO `data_capture_steps` VALUES ('5c50cde9-842b-11e8-9538-00155d0a851b','SCN_ENC','Register Patient','Screening Encounter Information','79edc223-843a-11e8-9538-00155d0a851b','2018-07-11 18:06:46',1,NULL),('5c50cec6-842b-11e8-9538-00155d0a851b','ELIG','Eligibility','Elibility','79edc223-843a-11e8-9538-00155d0a851b','2018-07-11 18:06:46',2,NULL),('5c50cf37-842b-11e8-9538-00155d0a851b','ENROLL','Enrollment','Enrollment decision','79edc223-843a-11e8-9538-00155d0a851b','2018-07-11 18:06:46',3,NULL),('5c50cfa1-842b-11e8-9538-00155d0a851b','ENC','Encounter Information','Encounter Information','79edc223-843a-11e8-9538-00155d0a851b','2018-07-11 18:06:46',1,NULL),('5c50d008-842b-11e8-9538-00155d0a851b','DEM','Demographics','Patient Demographics','79edc223-843a-11e8-9538-00155d0a851b','2018-07-11 18:06:46',3,NULL),('5c50d070-842b-11e8-9538-00155d0a851b','DIS_CHA','Disease Characteristics','Disease Characteristics','79edc223-843a-11e8-9538-00155d0a851b','2018-07-11 18:06:46',4,NULL),('5c50d0d8-842b-11e8-9538-00155d0a851b','SOC_FAC','Social Factors','Social Factors','79edc223-843a-11e8-9538-00155d0a851b','2018-07-11 18:06:46',5,NULL),('5c50d141-842b-11e8-9538-00155d0a851b','RIS_FAC','Risk Factors','Risk Factors','79edc223-843a-11e8-9538-00155d0a851b','2018-07-11 18:06:46',6,NULL),('5c50d1b5-842b-11e8-9538-00155d0a851b','DIS_HIS','Hep C History','Hep C History','79edc223-843a-11e8-9538-00155d0a851b','2018-07-11 18:06:46',7,NULL),('5c50d21d-842b-11e8-9538-00155d0a851b','COMORB','Co-morbidities','Co-morbidities','79edc223-843a-11e8-9538-00155d0a851b','2018-07-11 18:06:46',8,NULL),('5c50d284-842b-11e8-9538-00155d0a851b','MED_HIS','Medication History','Medication History','79edc223-843a-11e8-9538-00155d0a851b','2018-07-11 18:06:46',9,NULL),('5c50d2eb-842b-11e8-9538-00155d0a851b','PRO_HIS','Procedure History','Procedure History','79edc223-843a-11e8-9538-00155d0a851b','2018-07-11 18:06:46',10,NULL),('5c50d350-842b-11e8-9538-00155d0a851b','SYS_REV','Review of Systems','Review of Systems','79edc223-843a-11e8-9538-00155d0a851b','2018-07-11 18:06:46',11,NULL),('5c50d3b7-842b-11e8-9538-00155d0a851b','CLI_IMP','Clinical Impression','Clinical Impression','79edc223-843a-11e8-9538-00155d0a851b','2018-07-11 18:06:46',12,NULL),('5c50d41e-842b-11e8-9538-00155d0a851b','LAB','Lab results','Lab results','79edc223-843a-11e8-9538-00155d0a851b','2018-07-11 18:06:46',13,NULL),('5c50d486-842b-11e8-9538-00155d0a851b','TRT_RES','Treatment Response','Treatment Response','79edc223-843a-11e8-9538-00155d0a851b','2018-07-11 18:06:46',NULL,NULL),('5c50d4f5-842b-11e8-9538-00155d0a851b','VIT','Vitals','Vitals','79edc223-843a-11e8-9538-00155d0a851b','2018-07-11 18:06:46',14,NULL),('5c50d55d-842b-11e8-9538-00155d0a851b','PHY_EX','Physical Exam','Physical Exam','79edc223-843a-11e8-9538-00155d0a851b','2018-07-11 18:06:46',15,NULL),('5c50d5c4-842b-11e8-9538-00155d0a851b','ORD','Orders','Order tests','79edc223-843a-11e8-9538-00155d0a851b','2018-07-11 18:06:46',16,NULL),('5c50d62c-842b-11e8-9538-00155d0a851b','DSCHG','Discharge','Discharge','79edc223-843a-11e8-9538-00155d0a851b','2018-07-11 18:06:46',17,NULL),('5c50d695-842b-11e8-9538-00155d0a851b','PP','Patient Profile','Patient Profile','0','2018-07-10 15:54:30',1,NULL);

INSERT INTO `lab_tests` VALUES ('178e3e84-a695-11e8-bce8-00155d0a851b','Hematocrit','Hematocrit','Hematocrit','Hematocrit','9ed941cd-a691-11e8-bce8-00155d0a851b',NULL,'79edc223-843a-11e8-9538-00155d0a851b','2018-08-23 00:00:00',NULL,NULL,'txt',NULL,1,'Active'),('1790a8b3-a695-11e8-bce8-00155d0a851b','Platelets','Platelets','Platelets','Platelets','9ed941cd-a691-11e8-bce8-00155d0a851b',NULL,'79edc223-843a-11e8-9538-00155d0a851b','2018-08-23 00:00:00',NULL,NULL,'txt',NULL,1,'Active'),('1790aae4-a695-11e8-bce8-00155d0a851b','PT','PT','PT','PT','9ed941cd-a691-11e8-bce8-00155d0a851b',NULL,'79edc223-843a-11e8-9538-00155d0a851b','2018-08-23 00:00:00',NULL,NULL,'txt',NULL,1,'Active'),('1790ac73-a695-11e8-bce8-00155d0a851b','INR','INR','INR','INR','9ed941cd-a691-11e8-bce8-00155d0a851b',NULL,'79edc223-843a-11e8-9538-00155d0a851b','2018-08-23 00:00:00',NULL,NULL,'txt',NULL,1,'Active'),('1790addc-a695-11e8-bce8-00155d0a851b','HCV RNA','HCV RNA','HCV RNA','HCV RNA','9ed941cd-a691-11e8-bce8-00155d0a851b',NULL,'79edc223-843a-11e8-9538-00155d0a851b','2018-08-23 00:00:00',NULL,NULL,'txt',NULL,0,'Active'),('1790af36-a695-11e8-bce8-00155d0a851b','HCV genotype','HCV genotype','HCV genotype','HCV genotype','9ed941cd-a691-11e8-bce8-00155d0a851b',NULL,'79edc223-843a-11e8-9538-00155d0a851b','2018-08-23 00:00:00',NULL,NULL,'drp',4,0,'Active'),('1790b080-a695-11e8-bce8-00155d0a851b','HCV NS5A resistance','HCV NS5A resistance','HCV NS5A resistance','HCV NS5A resistance','9ed941cd-a691-11e8-bce8-00155d0a851b',NULL,'79edc223-843a-11e8-9538-00155d0a851b','2018-08-23 00:00:00',NULL,NULL,'radio',3,0,'Active'),('1790b1ee-a695-11e8-bce8-00155d0a851b','HCV NS3/4 resistance','HCV NS3/4 resistance','HCV NS3/4 resistance','HCV NS3/4 resistance','9ed941cd-a691-11e8-bce8-00155d0a851b',NULL,'79edc223-843a-11e8-9538-00155d0a851b','2018-08-23 00:00:00',NULL,NULL,'radio',3,0,'Active'),('1790b346-a695-11e8-bce8-00155d0a851b','HCV fibrosure','HCV fibrosure','HCV fibrosure','HCV fibrosure','9ed941cd-a691-11e8-bce8-00155d0a851b',NULL,'79edc223-843a-11e8-9538-00155d0a851b','2018-08-23 00:00:00',NULL,NULL,'txt',NULL,0,'Active'),('1790b49e-a695-11e8-bce8-00155d0a851b','HAV Ab','HAV Ab','HAV Ab','HAV Ab','9ed941cd-a691-11e8-bce8-00155d0a851b',NULL,'79edc223-843a-11e8-9538-00155d0a851b','2018-08-23 00:00:00',NULL,NULL,'radio',2,0,'Active'),('1790b5eb-a695-11e8-bce8-00155d0a851b','HBV sAb','HBV sAb','HBV sAb','HBV sAb','9ed941cd-a691-11e8-bce8-00155d0a851b',NULL,'79edc223-843a-11e8-9538-00155d0a851b','2018-08-23 00:00:00',NULL,NULL,'radio',2,0,'Active'),('3cf0206a-a695-11e8-bce8-00155d0a851b','HBV sAg','HBV sAg','HBV sAg','HBV sAg','9ed941cd-a691-11e8-bce8-00155d0a851b',NULL,'79edc223-843a-11e8-9538-00155d0a851b','2018-08-23 00:00:00',NULL,NULL,'radio',2,0,'Active'),('3cf03bee-a695-11e8-bce8-00155d0a851b','HBV cAb total','HBV cAb total','HBV cAb total','HBV cAb total','9ed941cd-a691-11e8-bce8-00155d0a851b',NULL,'79edc223-843a-11e8-9538-00155d0a851b','2018-08-23 00:00:00',NULL,NULL,'radio',2,0,'Active'),('3cf03ddf-a695-11e8-bce8-00155d0a851b','HIV (4th gen Ag/Ab)','HIV (4th gen Ag/Ab)','HIV (4th gen Ag/Ab)','HIV (4th gen Ag/Ab)','9ed941cd-a691-11e8-bce8-00155d0a851b',NULL,'79edc223-843a-11e8-9538-00155d0a851b','2018-08-23 00:00:00',NULL,NULL,'radio',2,0,'Active'),('3cf03f55-a695-11e8-bce8-00155d0a851b','HCV RNA level','HCV RNA level','HCV RNA level','HCV RNA level','9ed941cd-a691-11e8-bce8-00155d0a851b',NULL,'79edc223-843a-11e8-9538-00155d0a851b','2018-08-23 00:00:00',NULL,NULL,'txt',NULL,0,'Active'),('9ed941cd-a691-11e8-bce8-00155d0a851b','Other','Other','Other','Other','0',NULL,'79edc223-843a-11e8-9538-00155d0a851b','2018-08-23 00:00:00',NULL,NULL,'',NULL,0,'Active'),('b7f9f9b8-842d-11e8-9538-00155d0a851b','Serologic','Serologic','Serologic','Serologic','0',NULL,'79edc223-843a-11e8-9538-00155d0a851b','2018-06-08 00:00:00',NULL,NULL,NULL,NULL,NULL,'Active'),('b7f9fa97-842d-11e8-9538-00155d0a851b','AST (SGOT)','AST (SGOT)','AST (SGOT)','AST (SGOT)','b7f9f9b8-842d-11e8-9538-00155d0a851b',NULL,'79edc223-843a-11e8-9538-00155d0a851b','2018-06-08 00:00:00','28 - 50 d/mL',NULL,'txt',NULL,1,'Active'),('b7f9fb0e-842d-11e8-9538-00155d0a851b','Alkaline Phosphatase','Alkaline Phosphatase','Alkaline Phosphatase','Alkaline Phosphatase','b7f9f9b8-842d-11e8-9538-00155d0a851b',NULL,'79edc223-843a-11e8-9538-00155d0a851b','2018-06-08 00:00:00',NULL,NULL,NULL,NULL,NULL,NULL),('b7f9fb8d-842d-11e8-9538-00155d0a851b','Biln.Totl','Biln.Totl','Biln.Totl','Biln.Totl','b7f9f9b8-842d-11e8-9538-00155d0a851b',NULL,'79edc223-843a-11e8-9538-00155d0a851b','2018-06-08 00:00:00',NULL,NULL,NULL,NULL,NULL,NULL),('b7f9fbfb-842d-11e8-9538-00155d0a851b','Bili Dir','Bili Dir','Bili Dir','Bili Dir','b7f9f9b8-842d-11e8-9538-00155d0a851b',NULL,'79edc223-843a-11e8-9538-00155d0a851b','2018-06-08 00:00:00',NULL,NULL,NULL,NULL,NULL,NULL),('b7f9fc68-842d-11e8-9538-00155d0a851b','Bili Ind','Bili Ind','Bili Ind','Bili Ind','b7f9f9b8-842d-11e8-9538-00155d0a851b',NULL,'79edc223-843a-11e8-9538-00155d0a851b','2018-06-08 00:00:00',NULL,NULL,NULL,NULL,NULL,NULL),('b7f9fcd5-842d-11e8-9538-00155d0a851b','Albumin','Albumin','Albumin','Albumin','b7f9f9b8-842d-11e8-9538-00155d0a851b',NULL,'79edc223-843a-11e8-9538-00155d0a851b','2018-06-08 00:00:00',NULL,NULL,NULL,NULL,NULL,NULL),('b7f9fd42-842d-11e8-9538-00155d0a851b','Total Prot','Total Prot','Total Prot','Total Prot','b7f9f9b8-842d-11e8-9538-00155d0a851b',NULL,'79edc223-843a-11e8-9538-00155d0a851b','2018-06-08 00:00:00',NULL,NULL,NULL,NULL,NULL,NULL),('b7f9fdad-842d-11e8-9538-00155d0a851b','GGT (SGGT)','GGT (SGGT)','GGT (SGGT)','GGT (SGGT)','b7f9f9b8-842d-11e8-9538-00155d0a851b',NULL,'79edc223-843a-11e8-9538-00155d0a851b','2018-06-08 00:00:00',NULL,NULL,NULL,NULL,NULL,NULL),('b7f9fe19-842d-11e8-9538-00155d0a851b','INR','INR','INR','INR','b7f9f9b8-842d-11e8-9538-00155d0a851b',NULL,'79edc223-843a-11e8-9538-00155d0a851b','2018-06-08 00:00:00',NULL,NULL,NULL,NULL,NULL,NULL),('b7f9fe86-842d-11e8-9538-00155d0a851b','Platelet','Platelet','Platelet','Platelet','b7f9f9b8-842d-11e8-9538-00155d0a851b',NULL,'79edc223-843a-11e8-9538-00155d0a851b','2018-06-08 00:00:00',NULL,NULL,NULL,NULL,NULL,NULL),('b7f9fef4-842d-11e8-9538-00155d0a851b','HAV','HAV','HAV','HAV','0',NULL,'79edc223-843a-11e8-9538-00155d0a851b','2018-06-08 00:00:00',NULL,NULL,NULL,NULL,NULL,NULL),('b7f9ff5f-842d-11e8-9538-00155d0a851b','HepA Ab IgG','HepA Ab IgG','HepA Ab IgG','HepA Ab IgG','b7f9fef4-842d-11e8-9538-00155d0a851b',NULL,'79edc223-843a-11e8-9538-00155d0a851b','2018-06-08 00:00:00',NULL,NULL,NULL,NULL,NULL,NULL),('b7f9ffca-842d-11e8-9538-00155d0a851b','HepA Ab IgM','HepA Ab IgM','HepA Ab IgM','HepA Ab IgM','b7f9fef4-842d-11e8-9538-00155d0a851b',NULL,'79edc223-843a-11e8-9538-00155d0a851b','2018-06-08 00:00:00',NULL,NULL,NULL,NULL,NULL,NULL),('b7fa0036-842d-11e8-9538-00155d0a851b','HepA total Ab','HepA total Ab','HepA total Ab','HepA total Ab','b7f9fef4-842d-11e8-9538-00155d0a851b',NULL,'79edc223-843a-11e8-9538-00155d0a851b','2018-06-08 00:00:00',NULL,NULL,NULL,NULL,NULL,NULL),('b7fa00a2-842d-11e8-9538-00155d0a851b','HBV','HBV','HBV','HBV','0',NULL,'79edc223-843a-11e8-9538-00155d0a851b','2018-06-08 00:00:00',NULL,NULL,NULL,NULL,NULL,NULL),('b7fa0119-842d-11e8-9538-00155d0a851b','Hep B Surf Ab','Hep B Surf Ab','Hep B Surf Ab','Hep B Surf Ab','b7fa00a2-842d-11e8-9538-00155d0a851b',NULL,'79edc223-843a-11e8-9538-00155d0a851b','2018-06-08 00:00:00',NULL,NULL,NULL,NULL,NULL,NULL),('b7fa0186-842d-11e8-9538-00155d0a851b','Hep B Surf Ag','Hep B Surf Ag','Hep B Surf Ag','Hep B Surf Ag','b7fa00a2-842d-11e8-9538-00155d0a851b',NULL,'79edc223-843a-11e8-9538-00155d0a851b','2018-06-08 00:00:00',NULL,NULL,NULL,NULL,NULL,NULL),('b7fa01f3-842d-11e8-9538-00155d0a851b','HB Core Ab','HB Core Ab','HB Core Ab','HB Core Ab','b7fa00a2-842d-11e8-9538-00155d0a851b',NULL,'79edc223-843a-11e8-9538-00155d0a851b','2018-06-08 00:00:00',NULL,NULL,NULL,NULL,NULL,NULL),('b7fa0260-842d-11e8-9538-00155d0a851b','HBcAB IgG','HBcAB IgG','HBcAB IgG','HBcAB IgG','b7fa00a2-842d-11e8-9538-00155d0a851b',NULL,'79edc223-843a-11e8-9538-00155d0a851b','2018-06-08 00:00:00',NULL,NULL,NULL,NULL,NULL,NULL),('b7fa02cb-842d-11e8-9538-00155d0a851b','HBcAB IgM','HBcAB IgM','HBcAB IgM','HBcAB IgM','b7fa00a2-842d-11e8-9538-00155d0a851b',NULL,'79edc223-843a-11e8-9538-00155d0a851b','2018-06-08 00:00:00',NULL,NULL,NULL,NULL,NULL,NULL),('b7fa03a6-842d-11e8-9538-00155d0a851b','HepBEAb','HepBEAb','HepBEAb','HepBEAb','b7fa00a2-842d-11e8-9538-00155d0a851b',NULL,'79edc223-843a-11e8-9538-00155d0a851b','2018-06-08 00:00:00',NULL,NULL,NULL,NULL,NULL,NULL),('b7fa0414-842d-11e8-9538-00155d0a851b','HepBEAg','HepBEAg','HepBEAg','HepBEAg','b7fa00a2-842d-11e8-9538-00155d0a851b',NULL,'79edc223-843a-11e8-9538-00155d0a851b','2018-06-08 00:00:00',NULL,NULL,NULL,NULL,NULL,NULL),('b7fa047e-842d-11e8-9538-00155d0a851b','HBV VL QUAL','HBV VL QUAL','HBV VL QUAL','HBV VL QUAL','b7fa00a2-842d-11e8-9538-00155d0a851b',NULL,'79edc223-843a-11e8-9538-00155d0a851b','2018-06-08 00:00:00',NULL,NULL,NULL,NULL,NULL,NULL),('b7fa04ea-842d-11e8-9538-00155d0a851b','HepB DNA','HepB DNA','HepB DNA','HepB DNA','b7fa00a2-842d-11e8-9538-00155d0a851b',NULL,'79edc223-843a-11e8-9538-00155d0a851b','2018-06-08 00:00:00',NULL,NULL,NULL,NULL,NULL,NULL),('b7fa0555-842d-11e8-9538-00155d0a851b','HCV','HCV','HCV','HCV','0',NULL,'79edc223-843a-11e8-9538-00155d0a851b','2018-06-08 00:00:00',NULL,NULL,NULL,NULL,NULL,NULL),('b7fa05c2-842d-11e8-9538-00155d0a851b','HepC AB','HepC AB','HepC AB','HepC AB','b7fa0555-842d-11e8-9538-00155d0a851b',NULL,'79edc223-843a-11e8-9538-00155d0a851b','2018-06-08 00:00:00',NULL,NULL,NULL,NULL,NULL,NULL),('b7fa062d-842d-11e8-9538-00155d0a851b','HCV VL QUAL','HCV VL QUAL','HCV VL QUAL','HCV VL QUAL','b7fa0555-842d-11e8-9538-00155d0a851b',NULL,'79edc223-843a-11e8-9538-00155d0a851b','2018-06-08 00:00:00',NULL,NULL,NULL,NULL,NULL,NULL),('b7fa0698-842d-11e8-9538-00155d0a851b','HepC PCR','HepC PCR','HepC PCR','HepC PCR','b7fa0555-842d-11e8-9538-00155d0a851b',NULL,'79edc223-843a-11e8-9538-00155d0a851b','2018-06-08 00:00:00',NULL,NULL,NULL,NULL,NULL,NULL),('b7fa0706-842d-11e8-9538-00155d0a851b','HDV','HDV','HDV','HDV','0',NULL,'79edc223-843a-11e8-9538-00155d0a851b','2018-06-08 00:00:00',NULL,NULL,NULL,NULL,NULL,NULL),('b7fa0772-842d-11e8-9538-00155d0a851b','Hep D AB','Hep D AB','Hep D AB','Hep D AB','b7fa0706-842d-11e8-9538-00155d0a851b',NULL,'79edc223-843a-11e8-9538-00155d0a851b','2018-06-08 00:00:00',NULL,NULL,NULL,NULL,NULL,NULL),('b7fa07dd-842d-11e8-9538-00155d0a851b','Genotype','Genotype','Genotype','Genotype','0',NULL,'79edc223-843a-11e8-9538-00155d0a851b','2018-06-08 00:00:00',NULL,NULL,NULL,NULL,NULL,NULL),('b7fa084c-842d-11e8-9538-00155d0a851b','Genotype 1a','Genotype 1a','Genotype 1a','Genotype 1a','b7fa07dd-842d-11e8-9538-00155d0a851b',NULL,'79edc223-843a-11e8-9538-00155d0a851b','2018-06-08 00:00:00',NULL,NULL,NULL,NULL,NULL,NULL),('b7fa08bb-842d-11e8-9538-00155d0a851b','Genotype 1b','Genotype 1b','Genotype 1b','Genotype 1b','b7fa07dd-842d-11e8-9538-00155d0a851b',NULL,'79edc223-843a-11e8-9538-00155d0a851b','2018-06-08 00:00:00',NULL,NULL,NULL,NULL,NULL,NULL),('b7fa092a-842d-11e8-9538-00155d0a851b','Genotype 2','Genotype 2','Genotype 2','Genotype 2','b7fa07dd-842d-11e8-9538-00155d0a851b',NULL,'79edc223-843a-11e8-9538-00155d0a851b','2018-06-08 00:00:00',NULL,NULL,NULL,NULL,NULL,NULL),('b7fa0998-842d-11e8-9538-00155d0a851b','Genotype 3','Genotype 3','Genotype 3','Genotype 3','b7fa07dd-842d-11e8-9538-00155d0a851b',NULL,'79edc223-843a-11e8-9538-00155d0a851b','2018-06-08 00:00:00',NULL,NULL,NULL,NULL,NULL,NULL),('b7fa0a06-842d-11e8-9538-00155d0a851b','Genotype 4','Genotype 4','Genotype 4','Genotype 4','b7fa07dd-842d-11e8-9538-00155d0a851b',NULL,'79edc223-843a-11e8-9538-00155d0a851b','2018-06-08 00:00:00',NULL,NULL,NULL,NULL,NULL,NULL),('b7fa0a75-842d-11e8-9538-00155d0a851b','Genotype 5','Genotype 5','Genotype 5','Genotype 5','b7fa07dd-842d-11e8-9538-00155d0a851b',NULL,'79edc223-843a-11e8-9538-00155d0a851b','2018-06-08 00:00:00',NULL,NULL,NULL,NULL,NULL,NULL),('b7fa0aea-842d-11e8-9538-00155d0a851b','Genotype 6','Genotype 6','Genotype 6','Genotype 6','b7fa07dd-842d-11e8-9538-00155d0a851b',NULL,'79edc223-843a-11e8-9538-00155d0a851b','2018-06-08 00:00:00',NULL,NULL,NULL,NULL,NULL,NULL),('b7fa0b59-842d-11e8-9538-00155d0a851b','Staging','Staging','Staging','Staging','0',NULL,'79edc223-843a-11e8-9538-00155d0a851b','2018-06-08 00:00:00',NULL,NULL,NULL,NULL,NULL,NULL),('b7fa0bc7-842d-11e8-9538-00155d0a851b','Biopsy','Biopsy','Biopsy','Biopsy','b7fa0b59-842d-11e8-9538-00155d0a851b',NULL,'79edc223-843a-11e8-9538-00155d0a851b','2018-06-08 00:00:00',NULL,NULL,NULL,NULL,NULL,NULL),('b7fa0c36-842d-11e8-9538-00155d0a851b','Fibrosure testing','Fibrosure testing','Fibrosure testing','Fibrosure testing','0',NULL,'79edc223-843a-11e8-9538-00155d0a851b','2018-06-08 00:00:00',NULL,NULL,NULL,NULL,0,'Active'),('b7fa0ca7-842d-11e8-9538-00155d0a851b','Fibrosis stage','Fibrosis stage','Fibrosis stage','Fibrosis stage','b7fa0c36-842d-11e8-9538-00155d0a851b',NULL,'79edc223-843a-11e8-9538-00155d0a851b','2018-06-08 00:00:00','Do not write “F” preceding stage number',NULL,NULL,NULL,NULL,NULL),('b7fa0d14-842d-11e8-9538-00155d0a851b','Necroinflammatory Activity','Necroinflammatory Activity','Necroinflammatory Activity','Necroinflammatory Activity','b7fa0c36-842d-11e8-9538-00155d0a851b',NULL,'79edc223-843a-11e8-9538-00155d0a851b','2018-06-08 00:00:00',NULL,NULL,NULL,NULL,NULL,NULL),('b7fa0d83-842d-11e8-9538-00155d0a851b','FIB4','FIB4','FIB4','FIB4','b7fa0c36-842d-11e8-9538-00155d0a851b',NULL,'79edc223-843a-11e8-9538-00155d0a851b','2018-06-08 00:00:00',NULL,NULL,NULL,NULL,NULL,NULL),('b7fa0df1-842d-11e8-9538-00155d0a851b','MELD','MELD','MELD','MELD','b7fa0c36-842d-11e8-9538-00155d0a851b',NULL,'79edc223-843a-11e8-9538-00155d0a851b','2018-06-08 00:00:00',NULL,NULL,NULL,NULL,NULL,NULL),('b7fa0e5f-842d-11e8-9538-00155d0a851b','APRI','APRI','APRI','APRI','b7fa0c36-842d-11e8-9538-00155d0a851b',NULL,'79edc223-843a-11e8-9538-00155d0a851b','2018-06-08 00:00:00',NULL,NULL,'txt',NULL,0,'Active'),('b7fa0ecc-842d-11e8-9538-00155d0a851b','Genetic Markers','Genetic Markers','Genetic Markers','Genetic Markers','0',NULL,'79edc223-843a-11e8-9538-00155d0a851b','2018-06-08 00:00:00',NULL,NULL,NULL,NULL,NULL,NULL),('b7fa0f3d-842d-11e8-9538-00155d0a851b','Interleukin 28B Polymorphism (IL-28B)','Interleukin 28B Polymorphism (IL-28B)','Interleukin 28B Polymorphism (IL-28B)','Interleukin 28B Polymorphism (IL-28B)','b7fa0ecc-842d-11e8-9538-00155d0a851b',NULL,'79edc223-843a-11e8-9538-00155d0a851b','2018-06-08 00:00:00',NULL,NULL,NULL,NULL,NULL,NULL),('b7fa0fd2-842d-11e8-9538-00155d0a851b','HCV resistance mutations','HCV resistance mutations','HCV resistance mutations','HCV resistance mutations','0',NULL,'79edc223-843a-11e8-9538-00155d0a851b','2018-06-08 00:00:00',NULL,NULL,NULL,NULL,NULL,NULL),('b7fa104b-842d-11e8-9538-00155d0a851b','NS3','NS3','NS3','NS3','b7fa0fd2-842d-11e8-9538-00155d0a851b',NULL,'79edc223-843a-11e8-9538-00155d0a851b','2018-06-08 00:00:00',NULL,NULL,NULL,NULL,NULL,NULL),('b7fa10bc-842d-11e8-9538-00155d0a851b','NS5A','NS5A','NS5A','NS5A','b7fa0fd2-842d-11e8-9538-00155d0a851b',NULL,'79edc223-843a-11e8-9538-00155d0a851b','2018-06-08 00:00:00',NULL,NULL,NULL,NULL,NULL,NULL),('ccc24c93-a694-11e8-bce8-00155d0a851b','BUN','BUN','BUN','BUN','9ed941cd-a691-11e8-bce8-00155d0a851b',NULL,'79edc223-843a-11e8-9538-00155d0a851b','2018-08-23 00:00:00',NULL,NULL,'txt',NULL,1,'Active'),('db5c7660-a694-11e8-bce8-00155d0a851b','Creatinine','Creatinine','Creatinine','Creatinine','9ed941cd-a691-11e8-bce8-00155d0a851b',NULL,'79edc223-843a-11e8-9538-00155d0a851b','2018-08-23 00:00:00',NULL,NULL,'txt',NULL,1,'Active'),('db5c8ac0-a694-11e8-bce8-00155d0a851b','ALT','ALT','ALT','ALT','9ed941cd-a691-11e8-bce8-00155d0a851b',NULL,'79edc223-843a-11e8-9538-00155d0a851b','2018-08-23 00:00:00',NULL,NULL,'txt',NULL,1,'Active'),('db5c8cbd-a694-11e8-bce8-00155d0a851b','Hemoglobin','Hemoglobin','Hemoglobin','Hemoglobin','9ed941cd-a691-11e8-bce8-00155d0a851b',NULL,'79edc223-843a-11e8-9538-00155d0a851b','2018-08-23 00:00:00',NULL,NULL,'txt',NULL,1,'Active');

INSERT INTO `medications` VALUES ('6b5ef3c4-842e-11e8-9538-00155d0a851b','Harvoni','Harvoni','79edc223-843a-11e8-9538-00155d0a851b','2018-07-11 18:06:47',NULL),('6b5ef49f-842e-11e8-9538-00155d0a851b','Viekira Pak','Viekira Pak','79edc223-843a-11e8-9538-00155d0a851b','2018-07-11 18:06:47',NULL),('6b5ef50e-842e-11e8-9538-00155d0a851b','Zepatier','Zepatier','79edc223-843a-11e8-9538-00155d0a851b','2018-07-11 18:06:47',NULL),('6b5ef575-842e-11e8-9538-00155d0a851b','Technivie','Technivie','79edc223-843a-11e8-9538-00155d0a851b','2018-07-11 18:06:47',NULL),('6b5ef5d9-842e-11e8-9538-00155d0a851b','Epclusa','Epclusa','79edc223-843a-11e8-9538-00155d0a851b','2018-07-11 18:06:47',NULL),('6b5ef63e-842e-11e8-9538-00155d0a851b','Vosevi','Vosevi','79edc223-843a-11e8-9538-00155d0a851b','2018-07-11 18:06:47',NULL),('6b5ef6a4-842e-11e8-9538-00155d0a851b','Mavyret','Mavyret','79edc223-843a-11e8-9538-00155d0a851b','2018-07-11 18:06:47',NULL),('6b5ef70a-842e-11e8-9538-00155d0a851b','Daclatasvir ','Daclatasvir ','79edc223-843a-11e8-9538-00155d0a851b','2018-07-11 18:06:47',NULL),('6b5ef77e-842e-11e8-9538-00155d0a851b','sofosbuvir ','sofosbuvir ','79edc223-843a-11e8-9538-00155d0a851b','2018-07-11 18:06:47',NULL);

INSERT INTO `site_registered_studies` VALUES ('d01f2d16-8433-11e8-9538-00155d0a851b','654ec9a2-8434-11e8-9538-00155d0a851b','4219daf2-8436-11e8-9538-00155d0a851b','2bed6776-8434-11e8-9538-00155d0a851b','2017-10-01','Y','79edc223-843a-11e8-9538-00155d0a851b','2018-07-11 18:06:48',NULL);

INSERT INTO `sites` VALUES ('2bed6776-8434-11e8-9538-00155d0a851b','cd0256d7-8439-11e8-9538-00155d0a851b','Regional Institute of Medical Sciences, Imphal','Active','79edc223-843a-11e8-9538-00155d0a851b','2018-07-11 18:06:49',NULL),('2bed6776-8434-12e8-9548-00144d0a851b','cd0256d7-8439-11e8-9538-00155d0a851b','Central Institute of Medical Sciences, Imphal','Active','79edc223-843a-11e8-9538-00155d0a851b','2018-07-11 18:06:49',NULL);

INSERT INTO `studies` VALUES ('654ec9a2-8434-11e8-9538-00155d0a851b','cd0256d7-8439-11e8-9538-00155d0a851b','HEPC123','Hepatitis C study','Active','79edc223-843a-11e8-9538-00155d0a851b','2018-07-11 18:06:49',NULL);

INSERT INTO `study_consents` VALUES ('00502a31-8435-11e8-9538-00155d0a851b','654ec9a2-8434-11e8-9538-00155d0a851b','1.0','/documentlibrary/1/5/3/2/consent/1.pdf','Active','79edc223-843a-11e8-9538-00155d0a851b','2018-07-11 18:06:49',NULL);

INSERT INTO `study_event_steps` VALUES ('46f98745-8435-11e8-9538-00155d0a851b','654ec9a2-8434-11e8-9538-00155d0a851b','Screening',NULL,'SCN_ENC',NULL,'79edc223-843a-11e8-9538-00155d0a851b','2018-07-11 18:06:49',1,NULL),('46f98821-8435-11e8-9538-00155d0a851b','654ec9a2-8434-11e8-9538-00155d0a851b','Screening',NULL,'ELIG',NULL,'79edc223-843a-11e8-9538-00155d0a851b','2018-07-11 18:06:49',2,NULL),('46f98896-8435-11e8-9538-00155d0a851b','654ec9a2-8434-11e8-9538-00155d0a851b','Screening',NULL,'ORD',NULL,'79edc223-843a-11e8-9538-00155d0a851b','2018-07-11 18:06:49',3,NULL),('46f98903-8435-11e8-9538-00155d0a851b','654ec9a2-8434-11e8-9538-00155d0a851b','Screening',NULL,'LAB',NULL,'79edc223-843a-11e8-9538-00155d0a851b','2018-07-11 18:06:49',4,NULL),('46f9896c-8435-11e8-9538-00155d0a851b','654ec9a2-8434-11e8-9538-00155d0a851b','Screening',NULL,'ENROLL',NULL,'79edc223-843a-11e8-9538-00155d0a851b','2018-07-11 18:06:49',5,NULL),('46f989d5-8435-11e8-9538-00155d0a851b','654ec9a2-8434-11e8-9538-00155d0a851b','Initial Visit',NULL,'ENC',NULL,'79edc223-843a-11e8-9538-00155d0a851b','2018-07-11 18:06:49',1,NULL),('46f98a41-8435-11e8-9538-00155d0a851b','654ec9a2-8434-11e8-9538-00155d0a851b','Initial Visit','Patient Profile','PP',NULL,'79edc223-843a-11e8-9538-00155d0a851b','2018-07-11 18:06:49',2,NULL),('46f98aae-8435-11e8-9538-00155d0a851b','654ec9a2-8434-11e8-9538-00155d0a851b','Initial Visit',NULL,'DEM','46f98a41-8435-11e8-9538-00155d0a851b','79edc223-843a-11e8-9538-00155d0a851b','2018-07-12 11:55:07',3,NULL),('46f98b23-8435-11e8-9538-00155d0a851b','654ec9a2-8434-11e8-9538-00155d0a851b','Initial Visit',NULL,'DIS_CHA','46f98a41-8435-11e8-9538-00155d0a851b','79edc223-843a-11e8-9538-00155d0a851b','2018-07-12 11:55:07',4,NULL),('46f98b8e-8435-11e8-9538-00155d0a851b','654ec9a2-8434-11e8-9538-00155d0a851b','Initial Visit',NULL,'SOC_FAC','46f98a41-8435-11e8-9538-00155d0a851b','79edc223-843a-11e8-9538-00155d0a851b','2018-07-12 11:55:07',5,NULL),('46f98bf7-8435-11e8-9538-00155d0a851b','654ec9a2-8434-11e8-9538-00155d0a851b','Initial Visit',NULL,'RIS_FAC','46f98a41-8435-11e8-9538-00155d0a851b','79edc223-843a-11e8-9538-00155d0a851b','2018-07-12 11:55:07',6,NULL),('46f98c60-8435-11e8-9538-00155d0a851b','654ec9a2-8434-11e8-9538-00155d0a851b','Initial Visit',NULL,'DIS_HIS','46f98a41-8435-11e8-9538-00155d0a851b','79edc223-843a-11e8-9538-00155d0a851b','2018-07-12 11:55:07',7,NULL),('46f98cc9-8435-11e8-9538-00155d0a851b','654ec9a2-8434-11e8-9538-00155d0a851b','Initial Visit',NULL,'COMORB','46f98a41-8435-11e8-9538-00155d0a851b','79edc223-843a-11e8-9538-00155d0a851b','2018-07-12 11:55:07',8,NULL),('46f98d33-8435-11e8-9538-00155d0a851b','654ec9a2-8434-11e8-9538-00155d0a851b','Initial Visit',NULL,'MED_HIS','46f98a41-8435-11e8-9538-00155d0a851b','79edc223-843a-11e8-9538-00155d0a851b','2018-07-12 11:55:07',9,NULL),('46f98d9c-8435-11e8-9538-00155d0a851b','654ec9a2-8434-11e8-9538-00155d0a851b','Initial Visit',NULL,'PRO_HIS','46f98a41-8435-11e8-9538-00155d0a851b','79edc223-843a-11e8-9538-00155d0a851b','2018-07-12 11:55:07',10,NULL),('46f98e05-8435-11e8-9538-00155d0a851b','654ec9a2-8434-11e8-9538-00155d0a851b','Initial Visit',NULL,'SYS_REV','46f98a41-8435-11e8-9538-00155d0a851b','79edc223-843a-11e8-9538-00155d0a851b','2018-07-12 11:55:07',11,NULL),('46f98e78-8435-11e8-9538-00155d0a851b','654ec9a2-8434-11e8-9538-00155d0a851b','Initial Visit',NULL,'CLI_IMP','46f98a41-8435-11e8-9538-00155d0a851b','79edc223-843a-11e8-9538-00155d0a851b','2018-07-12 11:55:07',12,NULL),('46f98ee3-8435-11e8-9538-00155d0a851b','654ec9a2-8434-11e8-9538-00155d0a851b','Initial Visit',NULL,'LAB',NULL,'79edc223-843a-11e8-9538-00155d0a851b','2018-07-11 18:06:49',13,NULL),('46f98f4c-8435-11e8-9538-00155d0a851b','654ec9a2-8434-11e8-9538-00155d0a851b','Initial Visit',NULL,'VIT',NULL,'79edc223-843a-11e8-9538-00155d0a851b','2018-07-11 18:06:49',14,NULL),('46f98fb7-8435-11e8-9538-00155d0a851b','654ec9a2-8434-11e8-9538-00155d0a851b','Initial Visit',NULL,'PHY_EX',NULL,'79edc223-843a-11e8-9538-00155d0a851b','2018-07-11 18:06:49',15,NULL),('46f9901e-8435-11e8-9538-00155d0a851b','654ec9a2-8434-11e8-9538-00155d0a851b','Initial Visit',NULL,'ORD',NULL,'79edc223-843a-11e8-9538-00155d0a851b','2018-07-11 18:06:49',16,NULL),('46f99086-8435-11e8-9538-00155d0a851b','654ec9a2-8434-11e8-9538-00155d0a851b','Initial Visit',NULL,'DSCHG',NULL,'79edc223-843a-11e8-9538-00155d0a851b','2018-07-11 18:06:49',17,NULL),('46f990ef-8435-11e8-9538-00155d0a851b','654ec9a2-8434-11e8-9538-00155d0a851b','Second Visit',NULL,'ENC',NULL,'79edc223-843a-11e8-9538-00155d0a851b','2018-07-11 18:06:49',1,NULL),('46f9915c-8435-11e8-9538-00155d0a851b','654ec9a2-8434-11e8-9538-00155d0a851b','Second Visit',NULL,'LAB',NULL,'79edc223-843a-11e8-9538-00155d0a851b','2018-07-11 18:06:49',2,NULL),('46f991c3-8435-11e8-9538-00155d0a851b','654ec9a2-8434-11e8-9538-00155d0a851b','Second Visit',NULL,'TRT_RES',NULL,'79edc223-843a-11e8-9538-00155d0a851b','2018-07-11 18:06:49',3,NULL),('46f9922c-8435-11e8-9538-00155d0a851b','654ec9a2-8434-11e8-9538-00155d0a851b','Second Visit',NULL,'VIT',NULL,'79edc223-843a-11e8-9538-00155d0a851b','2018-07-11 18:06:49',4,NULL),('46f99295-8435-11e8-9538-00155d0a851b','654ec9a2-8434-11e8-9538-00155d0a851b','Second Visit',NULL,'PHY_EX',NULL,'79edc223-843a-11e8-9538-00155d0a851b','2018-07-11 18:06:49',5,NULL),('46f992fe-8435-11e8-9538-00155d0a851b','654ec9a2-8434-11e8-9538-00155d0a851b','Second Visit',NULL,'ORD',NULL,'79edc223-843a-11e8-9538-00155d0a851b','2018-07-11 18:06:49',6,NULL),('46f99364-8435-11e8-9538-00155d0a851b','654ec9a2-8434-11e8-9538-00155d0a851b','Second Visit',NULL,'DSCHG',NULL,'79edc223-843a-11e8-9538-00155d0a851b','2018-07-11 18:06:49',7,NULL),('46f993cb-8435-11e8-9538-00155d0a851b','654ec9a2-8434-11e8-9538-00155d0a851b','Third Visit',NULL,'ENC',NULL,'79edc223-843a-11e8-9538-00155d0a851b','2018-07-11 18:06:49',1,NULL),('46f99434-8435-11e8-9538-00155d0a851b','654ec9a2-8434-11e8-9538-00155d0a851b','Third Visit',NULL,'LAB',NULL,'79edc223-843a-11e8-9538-00155d0a851b','2018-07-11 18:06:49',2,NULL),('46f9949d-8435-11e8-9538-00155d0a851b','654ec9a2-8434-11e8-9538-00155d0a851b','Third Visit',NULL,'TRT_RES',NULL,'79edc223-843a-11e8-9538-00155d0a851b','2018-07-11 18:06:49',3,NULL),('46f99505-8435-11e8-9538-00155d0a851b','654ec9a2-8434-11e8-9538-00155d0a851b','Third Visit',NULL,'VIT',NULL,'79edc223-843a-11e8-9538-00155d0a851b','2018-07-11 18:06:49',4,NULL),('46f99570-8435-11e8-9538-00155d0a851b','654ec9a2-8434-11e8-9538-00155d0a851b','Third Visit',NULL,'PHY_EX',NULL,'79edc223-843a-11e8-9538-00155d0a851b','2018-07-11 18:06:49',5,NULL),('46f995dd-8435-11e8-9538-00155d0a851b','654ec9a2-8434-11e8-9538-00155d0a851b','Third Visit',NULL,'ORD',NULL,'79edc223-843a-11e8-9538-00155d0a851b','2018-07-11 18:06:49',6,NULL),('46f9964a-8435-11e8-9538-00155d0a851b','654ec9a2-8434-11e8-9538-00155d0a851b','Third Visit',NULL,'DSCHG',NULL,'79edc223-843a-11e8-9538-00155d0a851b','2018-07-11 18:06:49',7,NULL),('46f996b5-8435-11e8-9538-00155d0a851b','654ec9a2-8434-11e8-9538-00155d0a851b','Fourth Visit',NULL,'ENC',NULL,'79edc223-843a-11e8-9538-00155d0a851b','2018-07-11 18:06:49',1,NULL),('46f9971f-8435-11e8-9538-00155d0a851b','654ec9a2-8434-11e8-9538-00155d0a851b','Fourth Visit',NULL,'LAB',NULL,'79edc223-843a-11e8-9538-00155d0a851b','2018-07-11 18:06:49',2,NULL),('46f9978d-8435-11e8-9538-00155d0a851b','654ec9a2-8434-11e8-9538-00155d0a851b','Fourth Visit',NULL,'TRT_RES',NULL,'79edc223-843a-11e8-9538-00155d0a851b','2018-07-11 18:06:49',3,NULL),('46f997fb-8435-11e8-9538-00155d0a851b','654ec9a2-8434-11e8-9538-00155d0a851b','Fourth Visit',NULL,'VIT',NULL,'79edc223-843a-11e8-9538-00155d0a851b','2018-07-11 18:06:49',4,NULL),('46f9986a-8435-11e8-9538-00155d0a851b','654ec9a2-8434-11e8-9538-00155d0a851b','Fourth Visit',NULL,'PHY_EX',NULL,'79edc223-843a-11e8-9538-00155d0a851b','2018-07-11 18:06:49',5,NULL),('46f998d9-8435-11e8-9538-00155d0a851b','654ec9a2-8434-11e8-9538-00155d0a851b','Fourth Visit',NULL,'ORD',NULL,'79edc223-843a-11e8-9538-00155d0a851b','2018-07-11 18:06:49',6,NULL),('46f99949-8435-11e8-9538-00155d0a851b','654ec9a2-8434-11e8-9538-00155d0a851b','Fourth Visit',NULL,'DSCHG',NULL,'79edc223-843a-11e8-9538-00155d0a851b','2018-07-11 18:06:49',7,NULL);

INSERT INTO `study_events` VALUES ('7e3b6951-8435-11e8-9538-00155d0a851b','654ec9a2-8434-11e8-9538-00155d0a851b','Screening','S',1,0,'Months','79edc223-843a-11e8-9538-00155d0a851b','2018-07-11 18:06:49',NULL),('7e3b6b16-8435-11e8-9538-00155d0a851b','654ec9a2-8434-11e8-9538-00155d0a851b','Initial Visit','1',2,0,'Months','79edc223-843a-11e8-9538-00155d0a851b','2018-07-11 18:06:49',NULL),('7e3b6b97-8435-11e8-9538-00155d0a851b','654ec9a2-8434-11e8-9538-00155d0a851b','Second Visit','2',3,0,'Months','79edc223-843a-11e8-9538-00155d0a851b','2018-07-11 18:06:49',NULL),('7e3b6c02-8435-11e8-9538-00155d0a851b','654ec9a2-8434-11e8-9538-00155d0a851b','Third Visit','3',4,0,'Months','79edc223-843a-11e8-9538-00155d0a851b','2018-07-11 18:06:49',NULL),('7e3b6c6d-8435-11e8-9538-00155d0a851b','654ec9a2-8434-11e8-9538-00155d0a851b','Fourth Visit','4',5,0,'Months','79edc223-843a-11e8-9538-00155d0a851b','2018-07-11 18:06:49',NULL),('7e3b6cd8-8435-11e8-9538-00155d0a851b','654ec9a2-8434-11e8-9538-00155d0a851b','UnScheduled','U',6,0,'Months','79edc223-843a-11e8-9538-00155d0a851b','2018-07-11 18:06:49',NULL);

INSERT INTO `study_versions` VALUES ('4219daf2-8436-11e8-9538-00155d0a851b','654ec9a2-8434-11e8-9538-00155d0a851b','1.0','Active','79edc223-843a-11e8-9538-00155d0a851b','2018-07-11 18:06:50',NULL);

INSERT INTO `tenant_addresses` VALUES ('7c29c973-8436-11e8-9538-00155d0a851b','cd0256d7-8439-11e8-9538-00155d0a851b','http://localhost:4200','PRIMARY','79edc223-843a-11e8-9538-00155d0a851b','2018-07-11 18:06:50',NULL);

INSERT INTO `tenant_sites` VALUES ('33eced30-8438-11e8-9538-00155d0a851b','cd0256d7-8439-11e8-9538-00155d0a851b','2bed6776-8434-11e8-9538-00155d0a851b','79edc223-843a-11e8-9538-00155d0a851b','2018-07-11 18:06:50',NULL);

INSERT INTO `tenant_steps` VALUES ('767c2702-8438-11e8-9538-00155d0a851b','cd0256d7-8439-11e8-9538-00155d0a851b','SCN_ENC','79edc223-843a-11e8-9538-00155d0a851b','2018-07-11 18:06:50',NULL),('767c27d6-8438-11e8-9538-00155d0a851b','cd0256d7-8439-11e8-9538-00155d0a851b','ELIG','79edc223-843a-11e8-9538-00155d0a851b','2018-07-11 18:06:50',NULL),('767c2844-8438-11e8-9538-00155d0a851b','cd0256d7-8439-11e8-9538-00155d0a851b','ORD','79edc223-843a-11e8-9538-00155d0a851b','2018-07-11 18:06:50',NULL),('767c28aa-8438-11e8-9538-00155d0a851b','cd0256d7-8439-11e8-9538-00155d0a851b','LAB','79edc223-843a-11e8-9538-00155d0a851b','2018-07-11 18:06:50',NULL),('767c290f-8438-11e8-9538-00155d0a851b','cd0256d7-8439-11e8-9538-00155d0a851b','ENROLL','79edc223-843a-11e8-9538-00155d0a851b','2018-07-11 18:06:50',NULL),('767c2972-8438-11e8-9538-00155d0a851b','cd0256d7-8439-11e8-9538-00155d0a851b','ENC','79edc223-843a-11e8-9538-00155d0a851b','2018-07-11 18:06:50',NULL),('767c29d6-8438-11e8-9538-00155d0a851b','cd0256d7-8439-11e8-9538-00155d0a851b','DEM','79edc223-843a-11e8-9538-00155d0a851b','2018-07-11 18:06:50',NULL),('767c2a3a-8438-11e8-9538-00155d0a851b','cd0256d7-8439-11e8-9538-00155d0a851b','DIS_CHA','79edc223-843a-11e8-9538-00155d0a851b','2018-07-11 18:06:50',NULL),('767c2aa9-8438-11e8-9538-00155d0a851b','cd0256d7-8439-11e8-9538-00155d0a851b','SOC_FAC','79edc223-843a-11e8-9538-00155d0a851b','2018-07-11 18:06:50',NULL),('767c2b0d-8438-11e8-9538-00155d0a851b','cd0256d7-8439-11e8-9538-00155d0a851b','RIS_FAC','79edc223-843a-11e8-9538-00155d0a851b','2018-07-11 18:06:50',NULL),('767c2b70-8438-11e8-9538-00155d0a851b','cd0256d7-8439-11e8-9538-00155d0a851b','DIS_HIS','79edc223-843a-11e8-9538-00155d0a851b','2018-07-11 18:06:50',NULL),('767c2bd4-8438-11e8-9538-00155d0a851b','cd0256d7-8439-11e8-9538-00155d0a851b','COMORB','79edc223-843a-11e8-9538-00155d0a851b','2018-07-11 18:06:50',NULL),('767c2c35-8438-11e8-9538-00155d0a851b','cd0256d7-8439-11e8-9538-00155d0a851b','MED_HIS','79edc223-843a-11e8-9538-00155d0a851b','2018-07-11 18:06:50',NULL),('767c2c98-8438-11e8-9538-00155d0a851b','cd0256d7-8439-11e8-9538-00155d0a851b','PRO_HIS','79edc223-843a-11e8-9538-00155d0a851b','2018-07-11 18:06:50',NULL),('767c2cfb-8438-11e8-9538-00155d0a851b','cd0256d7-8439-11e8-9538-00155d0a851b','SYS_REV','79edc223-843a-11e8-9538-00155d0a851b','2018-07-11 18:06:50',NULL),('767c2d5f-8438-11e8-9538-00155d0a851b','cd0256d7-8439-11e8-9538-00155d0a851b','CLI_IMP','79edc223-843a-11e8-9538-00155d0a851b','2018-07-11 18:06:50',NULL),('767c2dce-8438-11e8-9538-00155d0a851b','cd0256d7-8439-11e8-9538-00155d0a851b','VIT','79edc223-843a-11e8-9538-00155d0a851b','2018-07-11 18:06:50',NULL),('767c2e36-8438-11e8-9538-00155d0a851b','cd0256d7-8439-11e8-9538-00155d0a851b','PHY_EX','79edc223-843a-11e8-9538-00155d0a851b','2018-07-11 18:06:50',NULL),('767c2e9d-8438-11e8-9538-00155d0a851b','cd0256d7-8439-11e8-9538-00155d0a851b','DSCHG','79edc223-843a-11e8-9538-00155d0a851b','2018-07-11 18:06:50',NULL);

INSERT INTO `tenant_studies` VALUES ('d6efd11a-8438-11e8-9538-00155d0a851b','cd0256d7-8439-11e8-9538-00155d0a851b','654ec9a2-8434-11e8-9538-00155d0a851b','79edc223-843a-11e8-9538-00155d0a851b','2018-07-11 18:06:50',NULL);

INSERT INTO `tenant_users` VALUES ('8a091aa9-8439-11e8-9538-00155d0a851b','cd0256d7-8439-11e8-9538-00155d0a851b','79edc223-843a-11e8-9538-00155d0a851b',NULL,'79edc223-843a-11e8-9538-00155d0a851b','2018-07-16 12:53:21',NULL),('8a091b7f-8439-11e8-9538-00155d0a851b','cd0256d7-8439-11e8-9538-00155d0a851b','79edc2fd-843a-11e8-9538-00155d0a851b',NULL,'79edc223-843a-11e8-9538-00155d0a851b','2018-07-16 12:53:21',NULL),('8a091be8-8439-11e8-9538-00155d0a851b','cd0256d7-8439-11e8-9538-00155d0a851b','79edc36e-843a-11e8-9538-00155d0a851b',NULL,'79edc223-843a-11e8-9538-00155d0a851b','2018-07-16 12:53:21',NULL),('8a091c4e-8439-11e8-9538-00155d0a851b','cd0256d7-8439-11e8-9538-00155d0a851b','79edc3d8-843a-11e8-9538-00155d0a851b',NULL,'79edc223-843a-11e8-9538-00155d0a851b','2018-07-16 12:53:21',NULL),('8a091cb4-8439-11e8-9538-00155d0a851b','cd0256d7-8439-11e8-9538-00155d0a851b','79edc442-843a-11e8-9538-00155d0a851b',NULL,'79edc223-843a-11e8-9538-00155d0a851b','2018-07-16 12:53:21',NULL),('8a091d1a-8439-11e8-9538-00155d0a851b','cd0256d7-8439-11e8-9538-00155d0a851b','79edc4ad-843a-11e8-9538-00155d0a851b',NULL,'79edc223-843a-11e8-9538-00155d0a851b','2018-07-16 12:53:21',NULL),('8a091d80-8439-11e8-9538-00155d0a851b','cd0256d7-8439-11e8-9538-00155d0a851b','79edc518-843a-11e8-9538-00155d0a851b',NULL,'79edc223-843a-11e8-9538-00155d0a851b','2018-07-16 12:53:21',NULL);

INSERT INTO `tenants` VALUES ('cd0256d7-8439-11e8-9538-00155d0a851b','GVN Hep C for Regional Institute of Medical Sciences, Imphal','291887a5-8428-11e8-9538-00155d0a851b','2018-07-11 17:34:06',NULL);

INSERT INTO `tests` VALUES ('fffbca84-8439-11e8-9538-00155d0a851b','ANT BODY','HEP C ANTIBODY TEST','Active','79edc223-843a-11e8-9538-00155d0a851b','2018-07-11 18:06:51',NULL),('fffbcb46-8439-11e8-9538-00155d0a851b','RNA QLT','HEP C RNA QUALITATIVE TEST','Active','79edc223-843a-11e8-9538-00155d0a851b','2018-07-11 18:06:51',NULL),('fffbcbb5-8439-11e8-9538-00155d0a851b','RNA QTN','HEP C RNA QUANTITATIVE TEST','Active','79edc223-843a-11e8-9538-00155d0a851b','2018-07-11 18:06:51',NULL);

INSERT INTO `unit_of_measurements` VALUES ('3f4b0f0d-843a-11e8-9538-00155d0a851b','ml','Mili Litre',NULL,NULL,'79edc223-843a-11e8-9538-00155d0a851b','2018-05-31 00:00:00',NULL),('3f4b1057-843a-11e8-9538-00155d0a851b','Micro ml','Micro Mili Litre',NULL,NULL,'79edc223-843a-11e8-9538-00155d0a851b','2018-05-31 00:00:00',NULL),('46735c76-90ba-11e8-b999-00155d0a851b','C','Temparture',NULL,NULL,'79edc223-843a-11e8-9538-00155d0a851b','2018-05-31 00:00:00',NULL),('4c341713-90ba-11e8-b999-00155d0a851b','F','Temparture',NULL,NULL,'79edc223-843a-11e8-9538-00155d0a851b','2018-05-31 00:00:00',NULL),('51c5a567-9ed6-11e8-827d-00155d0a851b','IU/L','IU/L',NULL,NULL,'79edc223-843a-11e8-9538-00155d0a851b','2018-08-13 14:27:00',NULL),('545561c6-90ba-11e8-b999-00155d0a851b','in','Height',NULL,NULL,'79edc223-843a-11e8-9538-00155d0a851b','2018-05-31 00:00:00',NULL),('57b0d6bb-90ba-11e8-b999-00155d0a851b','cm','Height',NULL,NULL,'79edc223-843a-11e8-9538-00155d0a851b','2018-05-31 00:00:00',NULL),('5b923693-90ba-11e8-b999-00155d0a851b','kg','Weight',NULL,NULL,'79edc223-843a-11e8-9538-00155d0a851b','2018-05-31 00:00:00',NULL),('5e9e32cb-90ba-11e8-b999-00155d0a851b','lbs','Weight',NULL,NULL,'79edc223-843a-11e8-9538-00155d0a851b','2018-05-31 00:00:00',NULL),('878f723c-9ed9-11e8-827d-00155d0a851b','mg/dL','mg/dL',NULL,NULL,'79edc223-843a-11e8-9538-00155d0a851b','2018-08-13 00:00:00',NULL),('a06f5d41-9ed9-11e8-827d-00155d0a851b','g/dL','g/dL',NULL,NULL,'79edc223-843a-11e8-9538-00155d0a851b','2018-08-13 00:00:00',NULL);

INSERT INTO `users` VALUES ('3aad1d84-9fb2-11e8-827d-00155d0a851b','F_L','0260a4277c8fc36ab886b7698751285d71bfaf55','F L','f_l@gmail.com','Enterprise','Inactive',NULL,'2018-08-14 16:37:35',0,NULL),('4b8d96a5-961d-11e8-8fd9-00155d0a851b','jarvis','40bd001563085fc35165329ea1ff5c5ecbdbbeef','Jack Arvis','jarivs@jack.com','Enterprise','Active',NULL,'2018-08-14 10:45:18',0,NULL),('55a1ab92-a126-11e8-9cc7-00155d0a851b','G_J','63ca70124d4fd3f494259207de62f4cdcb56acad','G J','G_J@gmail.com','Enterprise','Active',NULL,'2018-08-16 13:08:14',0,NULL),('79edc223-843a-11e8-9538-00155d0a851b','sa','40bd001563085fc35165329ea1ff5c5ecbdbbeef','Sys A','a@abc.com','PERSON','Active',NULL,'2018-08-29 16:45:16',0,NULL),('79edc2fd-843a-11e8-9538-00155d0a851b','demo','40bd001563085fc35165329ea1ff5c5ecbdbbeef','Guest','dipika27.official@gmail.com','PERSON','Active',NULL,'2018-08-29 14:54:32',0,NULL),('79edc36e-843a-11e8-9538-00155d0a851b','pmathur','40bd001563085fc35165329ea1ff5c5ecbdbbeef','Poonam Mathur','a@abc.com','PERSON','Active',NULL,'2018-07-10 17:42:43',0,NULL),('79edc3d8-843a-11e8-9538-00155d0a851b','aabutaleb','40bd001563085fc35165329ea1ff5c5ecbdbbeef','Ameer Abutaleb','a@abc.com','PERSON','Active',NULL,'2018-07-10 17:42:43',0,NULL),('79edc442-843a-11e8-9538-00155d0a851b','hsmith','40bd001563085fc35165329ea1ff5c5ecbdbbeef','Howard Smith','a@abc.com','PERSON','Active',NULL,'2018-08-28 15:09:01',0,NULL),('79edc4ad-843a-11e8-9538-00155d0a851b','skottilil','40bd001563085fc35165329ea1ff5c5ecbdbbeef','Shyam Kottilil','a@abc.com','PERSON','Active',NULL,'2018-07-10 17:42:43',0,NULL),('79edc518-843a-11e8-9538-00155d0a851b','nmercer','40bd001563085fc35165329ea1ff5c5ecbdbbeef','Natalia Mercer','a@abc.com','PERSON','Active',NULL,'2018-07-10 17:42:43',0,NULL),('7b8a4e50-9c63-11e8-9984-00155d0a851b','G_G','dfe039b93119d89efa38309c91a8dfe1436539cc','G G','g_g@gmail.com','Enterprise','Active',NULL,'2018-08-10 11:36:15',0,NULL),('801f8ce0-9a03-11e8-b9ec-00155d0a851b','mm','3094646cfa7b39bf3895297fae96dfaba566d53e','M M','m_m@gmail.com','PERSON','Active',NULL,'2018-08-07 11:04:15',0,NULL),('9105d769-9a14-11e8-b9ec-00155d0a851b','NK','b36b09650214f5c52486a0d77943e5aeecb0f6fa','N K','n_k@gmail.com','PERSON','Active',NULL,'2018-08-07 13:06:25',0,NULL),('a3605d08-994e-11e8-b9ec-00155d0a851b','thanks','7200b50c590c4ae23224ba42f6d4a460f042d60d','Tom Hanks','tom_h@gmail.com','PERSON','Active',NULL,'2018-08-06 13:29:33',0,NULL),('b63dce4f-996e-11e8-b9ec-00155d0a851b','DD','607ffa695420a7d355a843baacab28e2cb5c58d8','D M','D_D@gmail.com','PERSON','Active',NULL,'2018-08-07 00:00:00',0,NULL),('df6f7e0c-9a24-11e8-b9ec-00155d0a851b','W_L','df367960651faebff1afcee3a60771f7275d8470','W L','w_l@GMAIL.com','Application','Inactive',NULL,'2018-08-10 14:22:23',0,NULL),('e622334b-9b08-11e8-9984-00155d0a851b','h_j','f147682ab3b471ecc8f6e05cb564b7c3b1872580','H y','h_j@gmail.com','Application','Active',NULL,'2018-08-14 16:36:35',0,NULL);

INSERT INTO `vitals` VALUES ('fcecf14b-843a-11e8-9538-00155d0a851b','TEMP','Temperature','Temparture',1,'79edc223-843a-11e8-9538-00155d0a851b','2018-06-01 00:00:00',NULL),('fcecf22a-843a-11e8-9538-00155d0a851b','SBP','Systolic Blood Pressure',NULL,2,'79edc223-843a-11e8-9538-00155d0a851b','2018-06-01 00:00:00',NULL),('fcecf299-843a-11e8-9538-00155d0a851b','DBP','Diastolic Blood Pressure',NULL,3,'79edc223-843a-11e8-9538-00155d0a851b','2018-06-01 00:00:00',NULL),('fcecf303-843a-11e8-9538-00155d0a851b','WGT','Current weight','Weight',4,'79edc223-843a-11e8-9538-00155d0a851b','2018-06-01 00:00:00',NULL),('fcecf36e-843a-11e8-9538-00155d0a851b','HGT','Current height','Height',5,'79edc223-843a-11e8-9538-00155d0a851b','2018-06-01 00:00:00',NULL);

SET FOREIGN_KEY_CHECKS = 1;
